counter,t (in s),lat0 (in decimal degrees),long0 (in decimal degrees),roll (in rad),pitch (in rad),yaw (in rad),winddir (in rad),windspeed (in m/s),filteredwinddir (in rad),filteredwindspeed (in m/s),heading (in rad),theta (in rad),psi (in rad),latitude (in decimal degrees),longitude (in decimal degrees),x (in m),y (in m),ax (in m),ay (in m),bx (in m),by (in m),CurWP,wpslat[CurWP] (in decimal degrees),wpslong[CurWP] (in decimal degrees),e (in m),norm_ma (in m),norm_bm (in m),state,deltag (in rad),deltavmax (in rad),phi+gammabar (in rad)
1,76.09112,47.45943,-0.59244,-0.00475,0.087162,2.270487,4.310963,2.7,4.364528,2.799,4.026475,-2.4419,0.347861,47.45943,-0.59244,0,0,320.2369,105.8946,323.4839,-151.855,1,47.45807,-0.58813,-321.545,337.2912,357.3539,0,-0.7,0.907831,-0.74842
2,76.43554,47.45943,-0.59244,-0.0046,0.087128,2.270308,4.265585,2.6,4.36354,2.79701,4.024729,-2.44208,0.348849,47.45943,-0.59244,0,0,320.2369,105.8946,323.4839,-151.855,1,47.45807,-0.58813,-321.545,337.2912,357.3539,0,-0.7,0.906963,-0.74842
3,76.92531,47.45943,-0.59244,-0.00479,0.08684,2.270088,4.221951,2.5,4.362128,2.79404,4.024729,-2.4423,0.350261,47.45943,-0.59244,0.1253,0,320.2369,105.8946,323.4839,-151.855,1,47.45807,-0.58813,-321.42,337.1723,357.2405,0,-0.7,0.905723,-0.74842
4,77.41975,47.45943,-0.59244,-0.00457,0.086972,2.270334,4.194026,2.5,4.360455,2.7911,4.022984,-2.44206,0.351934,47.45943,-0.59244,0.1253,0,320.2369,105.8946,323.4839,-151.855,1,47.45807,-0.58813,-321.42,337.1723,357.2405,0,-0.7,0.904252,-0.74842
5,77.92003,47.45943,-0.59244,-0.00383,0.086062,2.270654,4.166101,2.4,4.358523,2.787189,4.021239,-2.44174,0.353866,47.45943,-0.59244,0.1253,0,320.2369,105.8946,323.4839,-151.855,1,47.45807,-0.58813,-321.42,337.1723,357.2405,0,-0.7,0.902553,-0.74842
6,78.41987,47.45943,-0.59244,-0.00344,0.086121,2.270264,4.153884,2.3,4.356489,2.782317,4.026475,-2.44213,0.3559,47.45943,-0.59244,0.1253,0,320.2369,105.8946,323.4839,-151.855,1,47.45807,-0.58813,-321.42,337.1723,357.2405,0,-0.7,0.900765,-0.74842
7,78.91987,47.45943,-0.59244,-0.00316,0.085907,2.270591,4.164356,2.2,4.354578,2.776493,4.042183,-2.4418,0.357811,47.45943,-0.59244,0.1253,0,320.2369,105.8946,323.4839,-151.855,1,47.45807,-0.58813,-321.42,337.1723,357.2405,0,-0.7,0.899083,-0.74842
8,79.42523,47.45943,-0.59244,-0.00276,0.085521,2.270146,4.173082,2.2,4.352771,2.770729,4.071853,-2.44224,0.359618,47.45943,-0.59244,0.1253,0,320.2369,105.8946,323.4839,-151.855,1,47.45807,-0.58813,-321.42,337.1723,357.2405,0,-0.7,0.897494,-0.74842
9,79.92542,47.45943,-0.59244,-0.0025,0.085265,2.270581,4.190536,2.1,4.351154,2.764021,4.08058,-2.44181,0.361235,47.45943,-0.59243,0.250601,-0.18533,320.2369,105.8946,323.4839,-151.855,1,47.45807,-0.58813,-321.297,337.1116,357.0483,0,-0.7,0.89607,-0.74842
10,80.42587,47.45943,-0.59244,-0.00278,0.085053,2.270917,4.181809,1.9,4.349466,2.755381,4.087561,-2.44147,0.362923,47.45943,-0.59243,0.250601,-0.18533,320.2369,105.8946,323.4839,-151.855,1,47.45807,-0.58813,-321.297,337.1116,357.0483,0,-0.7,0.894585,-0.74842
11,80.92543,47.45943,-0.59244,-0.00301,0.085831,2.271085,4.180064,1.9,4.347778,2.746827,4.091052,-2.4413,0.364611,47.45943,-0.59243,0.250601,-0.18533,320.2369,105.8946,323.4839,-151.855,1,47.45807,-0.58813,-321.297,337.1116,357.0483,0,-0.7,0.893098,-0.74842
12,81.42557,47.45943,-0.59244,-0.00308,0.086279,2.271121,4.178318,1.8,4.346089,2.737359,4.089306,-2.44127,0.3663,47.45943,-0.59243,0.250601,-0.18533,320.2369,105.8946,323.4839,-151.855,1,47.45807,-0.58813,-321.297,337.1116,357.0483,0,-0.7,0.891611,-0.74842
13,81.92535,47.45943,-0.59244,-0.00322,0.085798,2.271885,4.183554,1.8,4.344468,2.727985,4.091052,-2.4405,0.367921,47.45943,-0.59243,0.250601,-0.18533,320.2369,105.8946,323.4839,-151.855,1,47.45807,-0.58813,-321.297,337.1116,357.0483,0,-0.7,0.890183,-0.74842
14,82.42573,47.45943,-0.59244,-0.00342,0.085291,2.272285,4.183554,1.7,4.342863,2.717705,4.091052,-2.4401,0.369526,47.45943,-0.59243,0.250601,-0.18533,320.2369,105.8946,323.4839,-151.855,1,47.45807,-0.58813,-321.297,337.1116,357.0483,0,-0.7,0.888769,-0.74842
15,82.91989,47.45943,-0.59244,-0.00291,0.084731,2.272979,4.199262,1.7,4.341429,2.707528,4.092797,-2.43941,0.37096,47.45943,-0.59243,0.250601,-0.18533,320.2369,105.8946,323.4839,-151.855,1,47.45807,-0.58813,-321.297,337.1116,357.0483,0,-0.7,0.887505,-0.74842
16,83.42005,47.45943,-0.59244,-0.00263,0.08474,2.272471,4.216715,1.6,4.340183,2.696453,4.092797,-2.43992,0.372206,47.45943,-0.59243,0.250601,-0.18533,320.2369,105.8946,323.4839,-151.855,1,47.45807,-0.58813,-321.297,337.1116,357.0483,0,-0.7,0.886407,-0.74842
17,83.91998,47.45943,-0.59244,-0.00223,0.084878,2.272686,4.24115,1.6,4.339193,2.685489,4.094542,-2.4397,0.373196,47.45943,-0.59243,0.250601,-0.37065,320.2369,105.8946,323.4839,-151.855,1,47.45807,-0.58813,-321.299,337.1699,356.9696,0,-0.7,0.885534,-0.74842
18,84.42527,47.45943,-0.59244,-0.00208,0.085162,2.272756,4.269075,1.6,4.338491,2.674634,4.096288,-2.43963,0.373898,47.45943,-0.59243,0.250601,-0.37065,320.2369,105.8946,323.4839,-151.855,1,47.45807,-0.58813,-321.299,337.1699,356.9696,0,-0.7,0.884915,-0.74842
19,84.92595,47.45943,-0.59244,-0.00133,0.085829,2.273369,4.263839,1.7,4.337743,2.664887,4.094542,-2.43902,0.374646,47.45943,-0.59243,0.250601,-0.37065,320.2369,105.8946,323.4839,-151.855,1,47.45807,-0.58813,-321.299,337.1699,356.9696,0,-0.7,0.884256,-0.74842
20,85.42004,47.45943,-0.59244,-0.00118,0.085554,2.273532,4.223697,1.7,4.336603,2.655239,4.094542,-2.43886,0.375786,47.45943,-0.59243,0.250601,-0.37065,320.2369,105.8946,323.4839,-151.855,1,47.45807,-0.58813,-321.299,337.1699,356.9696,0,-0.7,0.883251,-0.74842
21,85.9201,47.45943,-0.59244,-0.00233,0.085532,2.273793,4.221951,1.8,4.335457,2.646686,4.096288,-2.4386,0.376932,47.45943,-0.59243,0.250601,-0.37065,320.2369,105.8946,323.4839,-151.855,1,47.45807,-0.58813,-321.299,337.1699,356.9696,0,-0.7,0.88224,-0.74842
22,86.44037,47.45943,-0.59244,-0.00237,0.085039,2.273753,4.24115,1.8,4.334513,2.638219,4.099778,-2.43864,0.377876,47.45943,-0.59243,0.250601,-0.37065,320.2369,105.8946,323.4839,-151.855,1,47.45807,-0.58813,-321.299,337.1699,356.9696,0,-0.7,0.881408,-0.74842
23,86.92049,47.45943,-0.59244,-0.00275,0.084653,2.274385,4.269075,1.8,4.333858,2.629837,4.115486,-2.438,0.378531,47.45943,-0.59243,0.250601,-0.37065,320.2369,105.8946,323.4839,-151.855,1,47.45807,-0.58813,-321.299,337.1699,356.9696,0,-0.7,0.88083,-0.74842
24,87.42535,47.45943,-0.59244,-0.00235,0.085117,2.273958,4.29351,1.9,4.333454,2.622539,4.164356,-2.43843,0.378935,47.45943,-0.59243,0.250601,-0.37065,320.2369,105.8946,323.4839,-151.855,1,47.45807,-0.58813,-321.299,337.1699,356.9696,0,-0.7,0.880473,-0.74842
25,87.92599,47.45943,-0.59244,-0.00266,0.085595,2.274616,4.354596,2,4.333666,2.616313,4.221951,-2.43777,0.378723,47.45943,-0.59243,0.250601,-0.37065,320.2369,105.8946,323.4839,-151.855,1,47.45807,-0.58813,-321.299,337.1699,356.9696,0,-0.7,0.88066,-0.74842
26,88.42559,47.45943,-0.59244,-0.00278,0.086117,2.27474,4.338889,2.1,4.333718,2.61115,4.190536,-2.43765,0.378671,47.45943,-0.59243,0.250601,-0.37065,320.2369,105.8946,323.4839,-151.855,1,47.45807,-0.58813,-321.299,337.1699,356.9696,0,-0.7,0.880706,-0.74842
27,88.92606,47.45943,-0.59244,-0.00336,0.086,2.274767,4.199262,2,4.332375,2.605039,4.068362,-2.43762,0.380014,47.45943,-0.59244,0.1253,-0.37065,320.2369,105.8946,323.4839,-151.855,1,47.45807,-0.58813,-321.425,337.2888,357.0831,0,-0.7,0.879521,-0.74842
28,89.42568,47.45943,-0.59244,-0.00328,0.087024,2.275471,4.077089,2,4.329843,2.598988,3.928736,-2.43692,0.382546,47.45943,-0.59244,0.1253,-0.37065,320.2369,105.8946,323.4839,-151.855,1,47.45807,-0.58813,-321.425,337.2888,357.0831,0,-0.7,0.877288,-0.74842
29,89.92723,47.45943,-0.59244,-0.00382,0.087479,2.275442,4.042183,1.9,4.326998,2.591998,3.865904,-2.43695,0.38539,47.45943,-0.59244,0.1253,-0.37065,320.2369,105.8946,323.4839,-151.855,1,47.45807,-0.58813,-321.425,337.2888,357.0831,0,-0.7,0.874777,-0.74842
30,90.42562,47.45943,-0.59244,-0.00314,0.087082,2.275961,4.155629,2,4.325288,2.586078,3.890339,-2.43643,0.387101,47.45943,-0.59244,0.1253,-0.37065,320.2369,105.8946,323.4839,-151.855,1,47.45807,-0.58813,-321.425,337.2888,357.0831,0,-0.7,0.873268,-0.74842
31,90.92596,47.45943,-0.59244,-0.00309,0.087255,2.276181,4.310963,2.3,4.325145,2.583218,4.000295,-2.43621,0.387244,47.45943,-0.59244,0.1253,-0.37065,320.2369,105.8946,323.4839,-151.855,1,47.45807,-0.58813,-321.425,337.2888,357.0831,0,-0.7,0.873141,-0.74842
32,91.4256,47.45943,-0.59244,-0.00282,0.086857,2.276251,4.358087,2.5,4.325475,2.582385,4.125958,-2.43614,0.386914,47.45943,-0.59244,0.1253,-0.37065,320.2369,105.8946,323.4839,-151.855,1,47.45807,-0.58813,-321.425,337.2888,357.0831,0,-0.7,0.873432,-0.74842
33,91.92664,47.45943,-0.59244,-0.00263,0.086968,2.275255,4.431391,2.6,4.326535,2.582562,4.277802,-2.43713,0.385854,47.45943,-0.59244,0.1253,-0.37065,320.2369,105.8946,323.4839,-151.855,1,47.45807,-0.58813,-321.425,337.2888,357.0831,0,-0.7,0.874368,-0.74842
34,92.42584,47.45943,-0.59244,-0.00306,0.086879,2.274959,4.483751,2.6,4.328105,2.582736,4.358087,-2.43743,0.384284,47.45943,-0.59244,0.1253,-0.37065,320.2369,105.8946,323.4839,-151.855,1,47.45807,-0.58813,-321.425,337.2888,357.0831,0,-0.7,0.875754,-0.74842
35,92.926,47.45943,-0.59244,-0.00317,0.086823,2.275015,4.509931,2.6,4.329919,2.582909,4.392994,-2.43737,0.38247,47.45943,-0.59244,0.1253,-0.37065,320.2369,105.8946,323.4839,-151.855,1,47.45807,-0.58813,-321.425,337.2888,357.0831,0,-0.7,0.877355,-0.74842
36,93.42583,47.45943,-0.59244,-0.00269,0.086736,2.275324,4.471534,2.8,4.331335,2.58508,4.399975,-2.43707,0.381054,47.45943,-0.59244,0.1253,-0.37065,320.2369,105.8946,323.4839,-151.855,1,47.45807,-0.58813,-321.425,337.2888,357.0831,0,-0.7,0.878604,-0.74842
37,93.92583,47.45943,-0.59244,-0.00231,0.0858,2.276148,4.440118,3.1,4.332424,2.590229,4.40172,-2.43624,0.379965,47.45943,-0.59244,0.1253,-0.55598,320.2369,105.8946,323.4839,-151.855,1,47.45807,-0.58813,-321.427,337.3473,357.0045,0,-0.7,0.879565,-0.74842
38,94.4258,47.45943,-0.59244,-0.00189,0.086228,2.275345,4.410447,3.3,4.333206,2.597326,4.391248,-2.43704,0.379183,47.45943,-0.59244,0.1253,-0.55598,320.2369,105.8946,323.4839,-151.855,1,47.45807,-0.58813,-321.427,337.3473,357.0045,0,-0.7,0.880255,-0.74842
39,94.92672,47.45943,-0.59244,-0.00161,0.085929,2.275023,4.340634,3.5,4.333281,2.606353,4.340634,-2.43737,0.379108,47.45943,-0.59244,0.1253,-0.55598,320.2369,105.8946,323.4839,-151.855,1,47.45807,-0.58813,-321.427,337.3473,357.0045,0,-0.7,0.880321,-0.74842
40,95.4257,47.45943,-0.59244,-0.00175,0.085792,2.274575,4.310963,3.7,4.333057,2.61729,4.309218,-2.43781,0.379332,47.45943,-0.59244,0.1253,-0.55598,320.2369,105.8946,323.4839,-151.855,1,47.45807,-0.58813,-321.427,337.3473,357.0045,0,-0.7,0.880123,-0.74842
41,95.92624,47.45943,-0.59244,-0.00138,0.085856,2.275212,4.297001,3.8,4.332695,2.629117,4.286529,-2.43718,0.379694,47.45943,-0.59244,0,-0.37065,320.2369,105.8946,323.4839,-151.855,1,47.45807,-0.58813,-321.55,337.4078,357.1966,0,-0.7,0.879804,-0.74842
42,96.4258,47.45943,-0.59244,-0.0016,0.085869,2.275452,4.309218,3.9,4.33246,2.641826,4.290019,-2.43694,0.379929,47.45943,-0.59244,0,-0.37065,320.2369,105.8946,323.4839,-151.855,1,47.45807,-0.58813,-321.55,337.4078,357.1966,0,-0.7,0.879596,-0.74842
43,96.92604,47.45943,-0.59244,-0.00187,0.085936,2.275678,4.316199,4.1,4.332297,2.656407,4.277802,-2.43671,0.380092,47.45943,-0.59244,0,-0.55598,320.2369,105.8946,323.4839,-151.855,1,47.45807,-0.58813,-321.552,337.4662,357.118,0,-0.7,0.879453,-0.74842
44,97.42568,47.45943,-0.59244,-0.00166,0.086516,2.275091,4.323181,4.2,4.332205,2.671843,4.281293,-2.4373,0.380184,47.45943,-0.59244,0,-0.55598,320.2369,105.8946,323.4839,-151.855,1,47.45807,-0.58813,-321.552,337.4662,357.118,0,-0.7,0.879372,-0.74842
45,97.92592,47.45943,-0.59244,-0.00126,0.086126,2.275034,4.338889,4.3,4.332272,2.688125,4.303982,-2.43736,0.380117,47.45943,-0.59244,0,-0.55598,320.2369,105.8946,323.4839,-151.855,1,47.45807,-0.58813,-321.552,337.4662,357.118,0,-0.7,0.879431,-0.74842
46,98.4259,47.45943,-0.59244,-0.00187,0.086083,2.274768,4.358087,4.3,4.332531,2.704244,4.328417,-2.43762,0.379858,47.45943,-0.59244,0,-0.55598,320.2369,105.8946,323.4839,-151.855,1,47.45807,-0.58813,-321.552,337.4662,357.118,0,-0.7,0.879659,-0.74842
47,98.92681,47.45943,-0.59244,-0.00179,0.085766,2.275182,4.359832,4.4,4.332805,2.721201,4.333653,-2.43721,0.379584,47.45943,-0.59244,0,-0.55598,320.2369,105.8946,323.4839,-151.855,1,47.45807,-0.58813,-321.552,337.4662,357.118,0,-0.7,0.879901,-0.74842
48,99.42581,47.45943,-0.59244,-0.00215,0.085791,2.275019,4.323181,4.4,4.332708,2.737989,4.300491,-2.43737,0.379681,47.45943,-0.59244,0,-0.55598,320.2369,105.8946,323.4839,-151.855,1,47.45807,-0.58813,-321.552,337.4662,357.118,0,-0.7,0.879816,-0.74842
49,99.92625,47.45943,-0.59244,-0.0018,0.085817,2.276234,4.265585,4.3,4.332036,2.753609,4.248131,-2.43616,0.380353,47.45943,-0.59244,0,-0.37065,320.2369,105.8946,323.4839,-151.855,1,47.45807,-0.58813,-321.55,337.4078,357.1966,0,-0.7,0.879222,-0.74842
50,100.4257,47.45943,-0.59244,-0.00171,0.085866,2.276647,4.1853,4.3,4.330569,2.769073,4.173082,-2.43574,0.38182,47.45943,-0.59244,0,-0.37065,320.2369,105.8946,323.4839,-151.855,1,47.45807,-0.58813,-321.55,337.4078,357.1966,0,-0.7,0.877929,-0.74842
51,100.9273,47.45943,-0.59244,-0.00282,0.086106,2.276395,4.157374,4.2,4.328841,2.783382,4.145157,-2.43599,0.383548,47.45943,-0.59244,0,-0.37065,320.2369,105.8946,323.4839,-151.855,1,47.45807,-0.58813,-321.55,337.4078,357.1966,0,-0.7,0.876403,-0.74842
52,101.4258,47.45943,-0.59244,-0.00272,0.08609,2.275289,4.113741,4.1,4.326699,2.796549,4.124213,-2.4371,0.38569,47.45943,-0.59244,0,-0.37065,320.2369,105.8946,323.4839,-151.855,1,47.45807,-0.58813,-321.55,337.4078,357.1966,0,-0.7,0.874513,-0.74842
53,101.9262,47.45943,-0.59244,-0.00314,0.086158,2.275,4.092797,3.9,4.324373,2.807583,4.103269,-2.43739,0.388016,47.45943,-0.59244,0,-0.37065,320.2369,105.8946,323.4839,-151.855,1,47.45807,-0.58813,-321.55,337.4078,357.1966,0,-0.7,0.87246,-0.74842
54,102.426,47.45943,-0.59244,-0.00264,0.08606,2.274852,4.077089,3.8,4.321916,2.817507,4.087561,-2.43754,0.390473,47.45943,-0.59244,0,-0.37065,320.2369,105.8946,323.4839,-151.855,1,47.45807,-0.58813,-321.55,337.4078,357.1966,0,-0.7,0.87029,-0.74842
55,102.9261,47.45943,-0.59244,-0.0028,0.085898,2.274621,4.042183,3.9,4.319144,2.828332,4.016003,-2.43777,0.393245,47.45943,-0.59244,0,-0.37065,320.2369,105.8946,323.4839,-151.855,1,47.45807,-0.58813,-321.55,337.4078,357.1966,0,-0.7,0.867842,-0.74842
56,103.4261,47.45943,-0.59244,-0.00275,0.086419,2.274191,3.965388,3.8,4.315663,2.838049,3.906047,-2.4382,0.396726,47.45943,-0.59244,0,-0.37065,320.2369,105.8946,323.4839,-151.855,1,47.45807,-0.58813,-321.55,337.4078,357.1966,0,-0.7,0.864767,-0.74842
57,103.9265,47.45943,-0.59244,-0.00357,0.086326,2.274215,3.904302,3.7,4.311643,2.846668,3.808308,-2.43817,0.400746,47.45943,-0.59244,0,-0.37065,320.2369,105.8946,323.4839,-151.855,1,47.45807,-0.58813,-321.55,337.4078,357.1966,0,-0.7,0.861215,-0.74842
58,104.426,47.45943,-0.59244,-0.00472,0.086805,2.273956,3.906047,3.6,4.307672,2.854202,3.76293,-2.43843,0.404717,47.45943,-0.59244,0,-0.37065,320.2369,105.8946,323.4839,-151.855,1,47.45807,-0.58813,-321.55,337.4078,357.1966,0,-0.7,0.857705,-0.74842
59,104.9261,47.45943,-0.59244,-0.0055,0.086836,2.274134,3.970624,3.6,4.304343,2.86166,3.78911,-2.43826,0.408046,47.45943,-0.59244,0,-0.37065,320.2369,105.8946,323.4839,-151.855,1,47.45807,-0.58813,-321.55,337.4078,357.1966,0,-0.7,0.854762,-0.74842
60,105.4261,47.45943,-0.59244,-0.0055,0.086769,2.274389,4.064872,3.6,4.301954,2.869043,3.846706,-2.438,0.410434,47.45943,-0.59244,0,-0.37065,320.2369,105.8946,323.4839,-151.855,1,47.45807,-0.58813,-321.55,337.4078,357.1966,0,-0.7,0.85265,-0.74842
61,105.926,47.45943,-0.59244,-0.0055,0.087552,2.27408,4.173082,3.7,4.30066,2.877353,3.930481,-2.43831,0.411729,47.45943,-0.59244,0.1253,-0.37065,320.2369,105.8946,323.4839,-151.855,1,47.45807,-0.58813,-321.425,337.2888,357.0831,0,-0.7,0.851505,-0.74842
62,106.4264,47.45943,-0.59244,-0.00476,0.088031,2.274084,4.279547,3.7,4.300448,2.885579,4.035201,-2.43831,0.411941,47.45943,-0.59244,0.1253,-0.37065,320.2369,105.8946,323.4839,-151.855,1,47.45807,-0.58813,-321.425,337.2888,357.0831,0,-0.7,0.851317,-0.74842
63,106.9263,47.45943,-0.59244,-0.00436,0.08885,2.274458,4.373795,3.8,4.301186,2.894723,4.139921,-2.43793,0.411203,47.45943,-0.59244,0.1253,-0.37065,320.2369,105.8946,323.4839,-151.855,1,47.45807,-0.58813,-321.425,337.2888,357.0831,0,-0.7,0.85197,-0.74842
64,107.4263,47.45943,-0.59244,-0.00398,0.088528,2.274027,4.45059,3.9,4.302684,2.904776,4.262094,-2.43836,0.409705,47.45943,-0.59244,0.1253,-0.37065,320.2369,105.8946,323.4839,-151.855,1,47.45807,-0.58813,-321.425,337.2888,357.0831,0,-0.7,0.853295,-0.74842
65,107.9263,47.45943,-0.59244,-0.00387,0.088156,2.274138,4.576253,3.8,4.305406,2.913728,4.436627,-2.43825,0.406983,47.45943,-0.59244,0.1253,-0.37065,320.2369,105.8946,323.4839,-151.855,1,47.45807,-0.58813,-321.425,337.2888,357.0831,0,-0.7,0.855701,-0.74842
66,108.4279,47.45943,-0.59244,-0.00393,0.087763,2.274377,4.633849,3.8,4.308656,2.922591,4.530875,-2.43801,0.403733,47.45943,-0.59244,0.1253,-0.37065,320.2369,105.8946,323.4839,-151.855,1,47.45807,-0.58813,-321.425,337.2888,357.0831,0,-0.7,0.858575,-0.74842
67,108.9261,47.45943,-0.59244,-0.00416,0.087567,2.273741,4.564036,3.9,4.311202,2.932365,4.490732,-2.43865,0.401187,47.45943,-0.59244,0.1253,-0.37065,320.2369,105.8946,323.4839,-151.855,1,47.45807,-0.58813,-321.425,337.2888,357.0831,0,-0.7,0.860825,-0.74842
68,109.4268,47.45943,-0.59244,-0.00413,0.087085,2.273794,4.473279,3.9,4.312829,2.942042,4.410447,-2.4386,0.39956,47.45943,-0.59244,0.1253,-0.37065,320.2369,105.8946,323.4839,-151.855,1,47.45807,-0.58813,-321.425,337.2888,357.0831,0,-0.7,0.862263,-0.74842
69,109.9264,47.45943,-0.59244,-0.00452,0.08699,2.273611,4.347615,4,4.313179,2.952621,4.272566,-2.43878,0.39921,47.45943,-0.59244,0.1253,-0.55598,320.2369,105.8946,323.4839,-151.855,1,47.45807,-0.58813,-321.427,337.3473,357.0045,0,-0.7,0.862573,-0.74842
70,110.4261,47.45943,-0.59244,-0.00443,0.086847,2.273625,4.279547,4.1,4.312841,2.964095,4.195772,-2.43876,0.399548,47.45943,-0.59244,0.1253,-0.55598,320.2369,105.8946,323.4839,-151.855,1,47.45807,-0.58813,-321.427,337.3473,357.0045,0,-0.7,0.862273,-0.74842
71,110.9263,47.45943,-0.59244,-0.00403,0.08672,2.273123,4.253367,4.1,4.312242,2.975454,4.181809,-2.43927,0.400147,47.45943,-0.59244,0.1253,-0.37065,320.2369,105.8946,323.4839,-151.855,1,47.45807,-0.58813,-321.425,337.2888,357.0831,0,-0.7,0.861744,-0.74842
72,111.4273,47.45943,-0.59244,-0.00424,0.086891,2.272498,4.291765,4.1,4.312035,2.986699,4.235914,-2.43989,0.400354,47.45943,-0.59244,0.1253,-0.37065,320.2369,105.8946,323.4839,-151.855,1,47.45807,-0.58813,-321.425,337.2888,357.0831,0,-0.7,0.861561,-0.74842
73,111.9263,47.45943,-0.59244,-0.00393,0.08672,2.272554,4.396484,4.1,4.312885,2.997832,4.361578,-2.43984,0.399504,47.45943,-0.59243,0.250601,-0.37065,320.2369,105.8946,323.4839,-151.855,1,47.45807,-0.58813,-321.299,337.1699,356.9696,0,-0.7,0.862313,-0.74842
74,112.4263,47.45943,-0.59244,-0.0039,0.087038,2.272143,4.445354,4.1,4.314216,3.008854,4.438372,-2.44025,0.398173,47.45943,-0.59243,0.250601,-0.37065,320.2369,105.8946,323.4839,-151.855,1,47.45807,-0.58813,-321.299,337.1699,356.9696,0,-0.7,0.863489,-0.74842
75,112.9263,47.45943,-0.59244,-0.00372,0.087485,2.272952,4.422664,4,4.315307,3.018766,4.429646,-2.43944,0.397082,47.45943,-0.59243,0.250601,-0.55598,320.2369,105.8946,323.4839,-151.855,1,47.45807,-0.58813,-321.302,337.2284,356.891,0,-0.7,0.864452,-0.74842
76,113.4262,47.45943,-0.59244,-0.00375,0.087339,2.27317,4.330162,4,4.315456,3.028578,4.338889,-2.43922,0.396933,47.45943,-0.59243,0.250601,-0.55598,320.2369,105.8946,323.4839,-151.855,1,47.45807,-0.58813,-321.302,337.2284,356.891,0,-0.7,0.864585,-0.74842
77,113.9264,47.45943,-0.59244,-0.00371,0.087097,2.273243,4.234169,4,4.314638,3.038292,4.216715,-2.43915,0.397751,47.45943,-0.59243,0.250601,-0.55598,320.2369,105.8946,323.4839,-151.855,1,47.45807,-0.58813,-321.302,337.2284,356.891,0,-0.7,0.863862,-0.74842
78,114.428,47.45943,-0.59244,-0.00349,0.087304,2.272768,4.183554,3.9,4.313321,3.046909,4.16261,-2.43962,0.399068,47.45943,-0.59243,0.250601,-0.55598,320.2369,105.8946,323.4839,-151.855,1,47.45807,-0.58813,-321.302,337.2284,356.891,0,-0.7,0.862698,-0.74842
79,114.9264,47.45943,-0.59244,-0.00324,0.087139,2.272936,4.206243,3.9,4.312245,3.05544,4.202753,-2.43945,0.400144,47.45943,-0.59243,0.250601,-0.37065,320.2369,105.8946,323.4839,-151.855,1,47.45807,-0.58813,-321.299,337.1699,356.9696,0,-0.7,0.861747,-0.74842
80,115.4262,47.45943,-0.59244,-0.00185,0.086967,2.272679,4.330162,3.9,4.312425,3.063886,4.312709,-2.43971,0.399964,47.45943,-0.59243,0.250601,-0.37065,320.2369,105.8946,323.4839,-151.855,1,47.45807,-0.58813,-321.299,337.1699,356.9696,0,-0.7,0.861906,-0.74842
81,115.9265,47.45943,-0.59244,-0.0018,0.086964,2.272853,4.399975,3.9,4.313306,3.072247,4.396484,-2.43954,0.399083,47.45943,-0.59243,0.250601,-0.55598,320.2369,105.8946,323.4839,-151.855,1,47.45807,-0.58813,-321.302,337.2284,356.891,0,-0.7,0.862684,-0.74842
82,116.4282,47.45943,-0.59244,-0.0013,0.087275,2.272884,4.447099,3.9,4.31465,3.080524,4.440118,-2.43951,0.397739,47.45943,-0.59243,0.250601,-0.55598,320.2369,105.8946,323.4839,-151.855,1,47.45807,-0.58813,-321.302,337.2284,356.891,0,-0.7,0.863872,-0.74842
83,116.9266,47.45943,-0.59244,-0.00189,0.086846,2.272851,4.457571,3.9,4.316085,3.088719,4.464552,-2.43954,0.396304,47.45943,-0.59243,0.250601,-0.55598,320.2369,105.8946,323.4839,-151.855,1,47.45807,-0.58813,-321.302,337.2284,356.891,0,-0.7,0.86514,-0.74842
84,117.4264,47.45943,-0.59244,-0.00207,0.086308,2.272624,4.438372,3.9,4.317314,3.096832,4.468043,-2.43977,0.395075,47.45943,-0.59243,0.250601,-0.55598,320.2369,105.8946,323.4839,-151.855,1,47.45807,-0.58813,-321.302,337.2284,356.891,0,-0.7,0.866225,-0.74842
85,117.9263,47.45943,-0.59244,-0.00289,0.085873,2.272312,4.399975,3.8,4.318146,3.103864,4.45408,-2.44008,0.394243,47.45943,-0.59243,0.250601,-0.55598,320.2369,105.8946,323.4839,-151.855,1,47.45807,-0.58813,-321.302,337.2284,356.891,0,-0.7,0.86696,-0.74842
86,118.4271,47.45943,-0.59244,-0.00331,0.086186,2.272606,4.347615,3.8,4.318442,3.110825,4.417428,-2.43978,0.393947,47.45943,-0.59243,0.250601,-0.55598,320.2369,105.8946,323.4839,-151.855,1,47.45807,-0.58813,-321.302,337.2284,356.891,0,-0.7,0.867222,-0.74842
87,118.9265,47.45943,-0.59244,-0.00314,0.08614,2.272931,4.321435,3.8,4.318473,3.117717,4.386012,-2.43946,0.393916,47.45943,-0.59243,0.375901,-0.55598,320.2369,105.8946,323.4839,-151.855,1,47.45807,-0.58813,-321.177,337.1095,356.7776,0,-0.7,0.867249,-0.74842
88,119.4263,47.45943,-0.59244,-0.00357,0.08637,2.273905,4.31969,3.8,4.318485,3.12454,4.379031,-2.43848,0.393904,47.45943,-0.59243,0.375901,-0.55598,320.2369,105.8946,323.4839,-151.855,1,47.45807,-0.58813,-321.177,337.1095,356.7776,0,-0.7,0.86726,-0.74842
89,119.9266,47.45943,-0.59244,-0.0042,0.086255,2.273746,4.312709,3.7,4.318427,3.130294,4.368559,-2.43864,0.393962,47.45943,-0.59243,0.375901,-0.55598,320.2369,105.8946,323.4839,-151.855,1,47.45807,-0.58813,-321.177,337.1095,356.7776,0,-0.7,0.867208,-0.74842
90,120.4263,47.45943,-0.59244,-0.00335,0.086634,2.273789,4.310963,3.6,4.318351,3.134991,4.363323,-2.4386,0.394038,47.45943,-0.59243,0.375901,-0.55598,320.2369,105.8946,323.4839,-151.855,1,47.45807,-0.58813,-321.177,337.1095,356.7776,0,-0.7,0.867142,-0.74842
91,120.9265,47.45943,-0.59244,-0.00362,0.086031,2.27394,4.328417,3.7,4.318453,3.140641,4.37554,-2.43845,0.393936,47.45943,-0.59243,0.375901,-0.55598,320.2369,105.8946,323.4839,-151.855,1,47.45807,-0.58813,-321.177,337.1095,356.7776,0,-0.7,0.867232,-0.74842
92,121.4278,47.45943,-0.59244,-0.00331,0.085502,2.274249,4.344125,3.6,4.318711,3.145235,4.387758,-2.43814,0.393678,47.45943,-0.59243,0.375901,-0.55598,320.2369,105.8946,323.4839,-151.855,1,47.45807,-0.58813,-321.177,337.1095,356.7776,0,-0.7,0.86746,-0.74842
93,121.9265,47.45943,-0.59244,-0.00362,0.085306,2.274744,4.330162,3.5,4.318827,3.148783,4.380776,-2.43765,0.393562,47.45943,-0.59243,0.375901,-0.7413,320.2369,105.8946,323.4839,-151.855,1,47.45807,-0.58813,-321.179,337.1681,356.699,0,-0.7,0.867562,-0.74842
94,122.427,47.45943,-0.59244,-0.00362,0.08493,2.274832,4.295255,3.4,4.318589,3.151295,4.37554,-2.43756,0.3938,47.45943,-0.59243,0.375901,-0.7413,320.2369,105.8946,323.4839,-151.855,1,47.45807,-0.58813,-321.179,337.1681,356.699,0,-0.7,0.867352,-0.74842
95,122.9267,47.45943,-0.59244,-0.00273,0.08462,2.274569,4.272566,3.3,4.318126,3.152782,4.37554,-2.43782,0.394263,47.45943,-0.59243,0.375901,-0.7413,320.2369,105.8946,323.4839,-151.855,1,47.45807,-0.58813,-321.179,337.1681,356.699,0,-0.7,0.866943,-0.74842
96,123.4265,47.45943,-0.59244,-0.00255,0.0846,2.275372,4.194026,3.1,4.31688,3.152254,4.338889,-2.43702,0.395509,47.45943,-0.59243,0.375901,-0.7413,320.2369,105.8946,323.4839,-151.855,1,47.45807,-0.58813,-321.179,337.1681,356.699,0,-0.7,0.865842,-0.74842
97,123.9268,47.45943,-0.59244,-0.00258,0.08458,2.275072,4.092797,3.1,4.314642,3.151731,4.24115,-2.43732,0.397747,47.45943,-0.59243,0.375901,-0.7413,320.2369,105.8946,323.4839,-151.855,1,47.45807,-0.58813,-321.179,337.1681,356.699,0,-0.7,0.863865,-0.74842
98,124.4264,47.45943,-0.59244,-0.00321,0.084587,2.275238,4.007276,3.1,4.311595,3.151214,4.13643,-2.43715,0.400794,47.45943,-0.59243,0.375901,-0.7413,320.2369,105.8946,323.4839,-151.855,1,47.45807,-0.58813,-321.179,337.1681,356.699,0,-0.7,0.861172,-0.74842
99,124.9268,47.45943,-0.59244,-0.00285,0.084097,2.275733,3.86765,3,4.307264,3.149702,3.947935,-2.43666,0.405125,47.45943,-0.59243,0.375901,-0.7413,320.2369,105.8946,323.4839,-151.855,1,47.45807,-0.58813,-321.179,337.1681,356.699,0,-0.7,0.857345,-0.74842
100,125.431,47.45943,-0.59244,-0.00288,0.083845,2.275333,3.827507,3,4.302606,3.148205,3.843215,-2.43706,0.409783,47.45943,-0.59243,0.375901,-0.7413,320.2369,105.8946,323.4839,-151.855,1,47.45807,-0.58813,-321.179,337.1681,356.699,0,-0.7,0.853226,-0.74842
101,125.9269,47.45943,-0.59244,-0.00316,0.084939,2.2751,3.757694,2.9,4.297367,3.145723,3.665191,-2.43729,0.415022,47.45943,-0.59243,0.375901,-0.7413,320.2369,105.8946,323.4839,-151.855,1,47.45807,-0.58813,-321.179,337.1681,356.699,0,-0.7,0.848593,-0.74842
102,126.4263,47.45943,-0.59244,-0.00334,0.08505,2.275003,3.733259,2.7,4.291956,3.141266,3.55,-2.43739,0.420433,47.45943,-0.59243,0.375901,-0.7413,320.2369,105.8946,323.4839,-151.855,1,47.45807,-0.58813,-321.179,337.1681,356.699,0,-0.7,0.843806,-0.74842
103,126.9267,47.45943,-0.59244,-0.00382,0.084889,2.27484,3.776893,2.6,4.286964,3.135853,3.488913,-2.43755,0.425425,47.45943,-0.59243,0.375901,-0.7413,320.2369,105.8946,323.4839,-151.855,1,47.45807,-0.58813,-321.179,337.1681,356.699,0,-0.7,0.83939,-0.74842
104,127.4264,47.45943,-0.59244,-0.00405,0.085929,2.275079,3.86765,2.6,4.282836,3.130494,3.49764,-2.43731,0.429553,47.45943,-0.59243,0.375901,-0.7413,320.2369,105.8946,323.4839,-151.855,1,47.45807,-0.58813,-321.179,337.1681,356.699,0,-0.7,0.835736,-0.74842
105,127.9268,47.45943,-0.59244,-0.00298,0.086533,2.275456,3.981096,2.6,4.279821,3.12519,3.52731,-2.43693,0.432568,47.45943,-0.59243,0.375901,-0.7413,320.2369,105.8946,323.4839,-151.855,1,47.45807,-0.58813,-321.179,337.1681,356.699,0,-0.7,0.833068,-0.74842
106,128.4264,47.45943,-0.59244,-0.00236,0.086824,2.276103,4.101524,2.6,4.278022,3.119938,3.577925,-2.43629,0.434367,47.45943,-0.59243,0.375901,-0.7413,320.2369,105.8946,323.4839,-151.855,1,47.45807,-0.58813,-321.179,337.1681,356.699,0,-0.7,0.831476,-0.74842
107,128.9313,47.45943,-0.59244,-0.00225,0.08796,2.276514,4.216715,2.6,4.277401,3.114738,3.637266,-2.43588,0.434988,47.45943,-0.59243,0.375901,-0.7413,320.2369,105.8946,323.4839,-151.855,1,47.45807,-0.58813,-321.179,337.1681,356.699,0,-0.7,0.830926,-0.74842
108,129.4266,47.45943,-0.59244,-0.00264,0.087989,2.276014,4.297001,2.5,4.2776,3.108591,3.691371,-2.43638,0.434789,47.45943,-0.59243,0.375901,-0.7413,320.2369,105.8946,323.4839,-151.855,1,47.45807,-0.58813,-321.179,337.1681,356.699,0,-0.7,0.831102,-0.74842
109,129.9265,47.45943,-0.59244,-0.00266,0.087856,2.275895,4.457571,2.3,4.279415,3.100505,3.810054,-2.43649,0.432974,47.45943,-0.59243,0.375901,-0.7413,320.2369,105.8946,323.4839,-151.855,1,47.45807,-0.58813,-321.179,337.1681,356.699,0,-0.7,0.832709,-0.74842
110,130.4268,47.45943,-0.59244,-0.0024,0.088227,2.276279,4.623377,2.1,4.282836,3.0905,3.920009,-2.43611,0.429553,47.45943,-0.59243,0.375901,-0.7413,320.2369,105.8946,323.4839,-151.855,1,47.45807,-0.58813,-321.179,337.1681,356.699,0,-0.7,0.835737,-0.74842
111,130.9313,47.45943,-0.59244,-0.0014,0.088417,2.276967,4.726352,1.8,4.287194,3.077595,4.009021,-2.43542,0.425195,47.45943,-0.59243,0.375901,-0.7413,320.2369,105.8946,323.4839,-151.855,1,47.45807,-0.58813,-321.179,337.1681,356.699,0,-0.7,0.839592,-0.74842
112,131.4314,47.45943,-0.59244,-0.00136,0.087984,2.277249,4.90263,1.6,4.293066,3.062819,4.117232,-2.43514,0.419323,47.45943,-0.59243,0.375901,-0.7413,320.2369,105.8946,323.4839,-151.855,1,47.45807,-0.58813,-321.179,337.1681,356.699,0,-0.7,0.844788,-0.74842
113,131.9278,47.45943,-0.59244,-0.0022,0.087946,2.277131,5.077163,1.5,4.300269,3.047191,4.251622,-2.43526,0.41212,47.45943,-0.59243,0.375901,-0.7413,320.2369,105.8946,323.4839,-151.855,1,47.45807,-0.58813,-321.179,337.1681,356.699,0,-0.7,0.851159,-0.74842
114,132.4265,47.45943,-0.59244,-0.00281,0.088173,2.276482,5.286602,1.5,4.308813,3.031719,4.396484,-2.43591,0.403576,47.45943,-0.59243,0.375901,-0.7413,320.2369,105.8946,323.4839,-151.855,1,47.45807,-0.58813,-321.179,337.1681,356.699,0,-0.7,0.858713,-0.74842
115,132.9267,47.45943,-0.59244,-0.00337,0.087667,2.276635,5.471607,1.4,4.318272,3.015402,4.544837,-2.43575,0.394117,47.45943,-0.59243,0.375901,-0.7413,320.2369,105.8946,323.4839,-151.855,1,47.45807,-0.58813,-321.179,337.1681,356.699,0,-0.7,0.867072,-0.74842
116,133.4267,47.45943,-0.59244,-0.00286,0.087374,2.277792,5.607743,1.4,4.328243,2.999248,4.646066,-2.4346,0.384146,47.45943,-0.59243,0.375901,-0.7413,320.2369,105.8946,323.4839,-151.855,1,47.45807,-0.58813,-321.179,337.1681,356.699,0,-0.7,0.875875,-0.74842
117,133.9276,47.45943,-0.59244,-0.00374,0.08761,2.277425,5.700245,1.3,4.338498,2.982255,4.686209,-2.43496,0.373891,47.45943,-0.59243,0.375901,-0.7413,320.2369,105.8946,323.4839,-151.855,1,47.45807,-0.58813,-321.179,337.1681,356.699,0,-0.7,0.884921,-0.74842
118,134.4267,47.45943,-0.59244,-0.00444,0.087814,2.276749,5.85907,1.1,4.349045,2.963433,4.696681,-2.43564,0.363344,47.45943,-0.59243,0.375901,-0.7413,320.2369,105.8946,323.4839,-151.855,1,47.45807,-0.58813,-321.179,337.1681,356.699,0,-0.7,0.894214,-0.74842
119,134.927,47.45943,-0.59244,-0.0045,0.087441,2.277275,5.948082,1.1,4.359711,2.944798,4.69319,-2.43511,0.352678,47.45943,-0.59243,0.375901,-0.7413,320.2369,105.8946,323.4839,-151.855,1,47.45807,-0.58813,-321.179,337.1681,356.699,0,-0.7,0.903598,-0.74842
120,135.4266,47.45943,-0.59244,-0.00428,0.087203,2.277396,6.000442,1,4.37047,2.92535,4.691445,-2.43499,0.341919,47.45943,-0.59243,0.375901,-0.7413,320.2369,105.8946,323.4839,-151.855,1,47.45807,-0.58813,-321.179,337.1681,356.699,0,-0.7,0.913049,-0.74842
121,135.9281,47.45943,-0.59244,-0.00401,0.08745,2.276996,6.101671,1,4.381243,2.906097,4.684464,-2.43539,0.331146,47.45943,-0.59243,0.375901,-0.7413,320.2369,105.8946,323.4839,-151.855,1,47.45807,-0.58813,-321.179,337.1681,356.699,0,-0.7,0.922495,-0.74842
122,136.4314,47.45943,-0.59244,-0.00396,0.087947,2.278007,6.12436,1,4.392122,2.887036,4.682718,-2.43438,0.320267,47.45943,-0.59243,0.375901,-0.7413,320.2369,105.8946,323.4839,-151.855,1,47.45807,-0.58813,-321.179,337.1681,356.699,0,-0.7,0.932015,-0.74842
123,136.9315,47.45943,-0.59244,-0.00444,0.087624,2.278213,6.143559,0.9,4.403117,2.867166,4.682718,-2.43418,0.309272,47.45943,-0.59243,0.375901,-0.7413,320.2369,105.8946,323.4839,-151.855,1,47.45807,-0.58813,-321.179,337.1681,356.699,0,-0.7,0.941615,-0.74842
124,137.4316,47.45943,-0.59244,-0.00278,0.076305,2.309541,6.223844,0.9,4.414085,2.847494,4.651302,-2.40285,0.298304,47.45943,-0.59243,0.375901,-0.7413,320.2369,105.8946,323.4839,-151.855,1,47.45807,-0.58813,-321.179,337.1681,356.699,0,-0.7,0.951169,-0.74842
125,137.9316,47.45943,-0.59244,0.000825,0.02199,2.438224,6.017895,0.9,4.425517,2.828019,4.555309,-2.27417,0.286872,47.45943,-0.59243,0.375901,-0.7413,320.2369,105.8946,323.4839,-151.855,1,47.45807,-0.58813,-321.179,337.1681,356.699,0,-0.7,0.9611,-0.74842
126,138.4315,47.45943,-0.59244,0.014418,-0.02483,2.611819,5.918411,1,4.437025,2.809739,4.452335,-2.10057,0.275364,47.45943,-0.59243,0.375901,-0.7413,320.2369,105.8946,323.4839,-151.855,1,47.45807,-0.58813,-321.179,337.1681,356.699,0,-0.7,0.971067,-0.74842
127,138.9333,47.45943,-0.59244,0.012327,-0.04298,2.723718,6.078982,0.7,4.448663,2.788641,4.321435,-1.98867,0.263726,47.45943,-0.59243,0.877103,-0.55598,320.2369,105.8946,323.4839,-151.855,1,47.45807,-0.58813,-320.675,336.634,356.3237,0,-0.7,0.981114,-0.74842
128,139.4315,47.45943,-0.59244,0.021876,-0.08943,2.907954,5.825909,0.6,4.460202,2.766755,4.171337,-1.80444,0.252187,47.45943,-0.59243,0.877103,-0.55598,320.2369,105.8946,323.4839,-151.855,1,47.45807,-0.58813,-320.675,336.634,356.3237,0,-0.7,0.991041,-0.74842
129,139.9285,47.45943,-0.59244,0.024557,-0.08023,3.068073,5.48906,0.8,4.470315,2.747087,4.031711,-1.64432,0.242074,47.45943,-0.59242,1.002403,-0.55598,320.2369,105.8946,323.4839,-151.855,1,47.45807,-0.58813,-320.55,336.5151,356.2103,0,-0.54654,0.999711,-0.74842
130,140.4315,47.45943,-0.59244,0.029622,-0.0857,-3.03226,5.356415,0.9,4.479481,2.728617,3.824016,-1.46146,0.232908,47.45943,-0.59242,1.002403,-0.55598,320.2369,105.8946,323.4839,-151.855,1,47.45807,-0.58813,-320.55,336.5151,356.2103,0,-0.4579,1.007543,-0.74842
131,140.927,47.45943,-0.59244,0.029465,-0.10327,-2.84573,5.073672,0.9,4.486107,2.71033,3.645993,-1.27494,0.226282,47.45943,-0.59242,1.002403,-0.7413,320.2369,105.8946,323.4839,-151.855,1,47.45807,-0.58813,-320.552,336.5738,356.1316,0,-0.35177,1.01319,-0.74842
132,141.4269,47.45943,-0.59244,0.030904,-0.09352,-2.68289,4.897394,0.9,4.490835,2.692227,3.518584,-1.11209,0.221554,47.45943,-0.59242,1.002403,-0.7413,320.2369,105.8946,323.4839,-151.855,1,47.45807,-0.58813,-320.552,336.5738,356.1316,0,-0.249,1.01721,-0.74842
133,141.9279,47.45943,-0.59244,0.031144,-0.08083,-2.5198,4.708898,0.9,4.493389,2.674305,3.363249,-0.94901,0.219,47.45943,-0.59242,1.127704,-0.7413,320.2369,105.8946,323.4839,-151.855,1,47.45807,-0.58813,-320.427,336.4549,356.0181,0,-0.13947,1.019379,-0.74842
134,142.4316,47.45943,-0.59244,0.030431,-0.07062,-2.37075,4.560545,0.9,4.49418,2.656562,3.234095,-0.79996,0.218209,47.45943,-0.59242,1.127704,-0.7413,320.2369,105.8946,323.4839,-151.855,1,47.45807,-0.58813,-320.427,336.4549,356.0181,0,-0.03606,1.02005,-0.74842
135,142.9316,47.45943,-0.59244,0.035991,-0.07809,-2.20139,4.39823,0.6,4.493053,2.635996,3.087487,-0.6306,0.219336,47.45942,-0.59242,1.378305,-1.11195,320.2369,105.8946,323.4839,-151.855,1,47.45807,-0.58813,-320.181,336.335,355.634,0,0.082284,1.019093,-0.74842
136,143.4269,47.45943,-0.59244,0.038682,-0.08557,-2.05226,4.408702,0.6,4.492063,2.615636,2.907719,-0.48147,0.220326,47.45942,-0.59242,1.378305,-1.11195,320.2369,105.8946,323.4839,-151.855,1,47.45807,-0.58813,-320.181,336.335,355.634,0,0.184654,1.018253,-0.74842
137,143.9269,47.45943,-0.59244,0.03948,-0.07853,-1.93391,4.457571,0.7,4.491659,2.59648,2.640683,-0.36312,0.22073,47.45942,-0.59242,1.378305,-1.11195,320.2369,105.8946,323.4839,-151.855,1,47.45807,-0.58813,-320.181,336.335,355.634,0,0.263086,1.01791,-0.74842
138,144.4317,47.45943,-0.59244,0.041331,-0.06941,-1.81474,4.248131,0.7,4.488836,2.577515,2.214823,-0.24395,0.223553,47.45942,-0.59242,1.378305,-1.11195,320.2369,105.8946,323.4839,-151.855,1,47.45807,-0.58813,-320.181,336.335,355.634,0,0.338341,1.015511,-0.74842
139,144.9318,47.45943,-0.59244,0.042027,-0.05321,-1.71123,4.356342,0.7,4.487291,2.55874,1.663299,-0.14044,0.225098,47.45942,-0.59242,1.503605,-1.11195,320.2369,105.8946,323.4839,-151.855,1,47.45807,-0.58813,-320.056,336.2162,355.5205,0,0.399847,1.014197,-0.74842
140,145.4268,47.45943,-0.59244,0.042043,-0.05299,-1.56045,4.221951,0.8,4.48423,2.541152,1.22173,0.010344,0.228159,47.45942,-0.59242,1.503605,-1.11195,320.2369,105.8946,323.4839,-151.855,1,47.45807,-0.58813,-320.056,336.2162,355.5205,0,0.481616,1.011591,-0.74842
141,145.9269,47.45943,-0.59244,0.044654,-0.07466,-1.423,4.187045,0.9,4.480815,2.524741,0.959931,0.147801,0.231574,47.45942,-0.59242,1.628905,-1.29727,320.2369,105.8946,323.4839,-151.855,1,47.45807,-0.58813,-319.933,336.1565,355.3285,0,0.546679,1.008681,-0.74842
142,146.4271,47.45943,-0.59244,0.043161,-0.0864,-1.32335,4.068362,1,4.476144,2.509493,0.71384,0.24745,0.236245,47.45942,-0.59242,1.628905,-1.29727,320.2369,105.8946,323.4839,-151.855,1,47.45807,-0.58813,-319.933,336.1565,355.3285,0,0.587461,1.004694,-0.74842
143,146.9283,47.45943,-0.59244,0.042779,-0.10095,-1.21694,3.698353,0.8,4.467953,2.492399,0.588176,0.353857,0.244436,47.45942,-0.59242,1.127704,-1.29727,320.2369,105.8946,323.4839,-151.855,1,47.45807,-0.58813,-320.434,336.6316,355.7825,0,0.7,0.997688,-0.74842
144,147.4272,47.45943,-0.59244,0.044212,-0.11376,-1.124,3.515093,0.8,4.458408,2.475475,0.472984,0.446799,0.253981,47.45942,-0.59242,1.127704,-1.29727,320.2369,105.8946,323.4839,-151.855,1,47.45807,-0.58813,-320.434,336.6316,355.7825,0,0.7,0.9895,-0.74842
145,147.9271,47.45943,-0.59244,0.042124,-0.12734,-1.01594,3.474951,0.8,4.448626,2.45872,0.403171,0.554858,0.263763,47.45942,-0.59243,0.751802,-1.29727,320.2369,105.8946,323.4839,-151.855,1,47.45807,-0.58813,-320.81,336.9879,356.1231,0,0.7,0.981082,-0.74842
146,148.4316,47.45943,-0.59244,0.039833,-0.1384,-0.88792,3.351032,0.6,4.438118,2.440133,0.324631,0.682873,0.274271,47.45942,-0.59243,0.751802,-1.29727,320.2369,105.8946,323.4839,-151.855,1,47.45807,-0.58813,-320.81,336.9879,356.1231,0,0.7,0.972012,-0.74842
147,148.927,47.45943,-0.59244,0.038727,-0.12489,-0.71479,3.270747,0.5,4.427202,2.420731,0.197222,0.856003,0.285187,47.45942,-0.59243,0.501202,-1.4826,320.2369,105.8946,323.4839,-151.855,1,47.45807,-0.58813,-321.063,337.2845,356.272,0,0.7,0.962562,-0.74842
148,149.4318,47.45943,-0.59244,0.038236,-0.12753,-0.55241,3.01942,0.4,4.415397,2.400524,0.136136,1.018383,0.296992,47.45942,-0.59243,0.501202,-1.4826,320.2369,105.8946,323.4839,-151.855,1,47.45807,-0.58813,-321.063,337.2845,356.272,0,0.7,0.95231,-0.74842
149,149.9272,47.45943,-0.59244,0.038209,-0.10639,-0.34552,3.452261,0.3,4.405544,2.379519,0.05236,1.22528,0.306845,47.45942,-0.59243,0.375901,-1.4826,320.2369,105.8946,323.4839,-151.855,1,47.45807,-0.58813,-321.188,337.4032,356.3856,0,0.7,0.943732,-0.74842
150,150.427,47.45943,-0.59244,0.035792,-0.09178,-0.14879,3.558726,0.2,4.396535,2.357724,6.270968,1.42201,0.315854,47.45942,-0.59243,0.375901,-1.4826,320.2369,105.8946,323.4839,-151.855,1,47.45807,-0.58813,-321.188,337.4032,356.3856,0,0.7,0.935871,-0.74842
151,150.9272,47.45943,-0.59244,0.031374,-0.08702,0.032082,3.110177,0,4.384916,2.334146,6.127851,1.602878,0.327473,47.45942,-0.59243,0.501202,-1.29727,320.2369,105.8946,323.4839,-151.855,1,47.45807,-0.58813,-321.061,337.2255,356.3503,0,0.7,0.925712,-0.74842
152,151.4276,47.45943,-0.59244,0.026292,-0.07606,0.217498,0.261799,0.1,4.39515,2.311805,5.98997,1.788294,0.317239,47.45942,-0.59243,0.501202,-1.29727,320.2369,105.8946,323.4839,-151.855,1,47.45807,-0.58813,-321.061,337.2255,356.3503,0,0.7,0.934662,-0.74842
153,151.922,47.45943,-0.59244,0.020872,-0.05743,0.406141,5.733407,0.2,4.407215,2.290687,5.864306,1.976938,0.305174,47.45942,-0.59243,0.375901,-1.29727,320.2369,105.8946,323.4839,-151.855,1,47.45807,-0.58813,-321.186,337.3443,356.4638,0,0.7,0.945188,-0.74842
154,152.433,47.45943,-0.59244,0.017529,-0.03455,0.57507,5.396558,0.2,4.417608,2.26978,5.67232,2.145866,0.294781,47.45942,-0.59243,0.375901,-1.29727,320.2369,105.8946,323.4839,-151.855,1,47.45807,-0.58813,-321.186,337.3443,356.4638,0,0.7,0.954233,-0.74842
155,152.9318,47.45943,-0.59244,0.013122,-0.04978,0.704527,5.45939,0.2,4.428385,2.249082,5.543166,2.275324,0.284004,47.45942,-0.59243,0.250601,-1.29727,320.2369,105.8946,323.4839,-151.855,1,47.45807,-0.58813,-321.311,337.4631,356.5774,0,0.7,0.963587,-0.74842
156,153.4327,47.45943,-0.59244,0.011511,-0.03431,0.877486,5.448918,0.3,4.439062,2.229591,5.516986,2.448282,0.273327,47.45942,-0.59243,0.250601,-1.29727,320.2369,105.8946,323.4839,-151.855,1,47.45807,-0.58813,-321.311,337.4631,356.5774,0,-0.7,0.972828,-0.74842
157,153.9269,47.45943,-0.59244,0.011995,-0.03504,1.05926,5.841617,0.3,4.451508,2.210295,5.578072,2.630056,0.260881,47.45942,-0.59243,0.250601,-1.4826,320.2369,105.8946,323.4839,-151.855,1,47.45807,-0.58813,-321.313,337.522,356.4992,0,-0.7,0.983565,-0.74842
158,154.432,47.45943,-0.59244,0.010711,-0.08191,1.187642,6.17672,0.4,4.464132,2.192192,5.653121,2.758438,0.248257,47.45942,-0.59243,0.250601,-1.4826,320.2369,105.8946,323.4839,-151.855,1,47.45807,-0.58813,-321.313,337.522,356.4992,0,-0.7,0.994414,-0.74842
159,154.9271,47.45943,-0.59244,0.007131,-0.12331,1.206136,0.099484,0.6,4.476318,2.176271,5.6985,2.776932,0.236071,47.45942,-0.59243,0.250601,-1.66792,320.2369,105.8946,323.4839,-151.855,1,47.45807,-0.58813,-321.316,337.581,356.4211,0,-0.7,1.004843,-0.74842
160,155.4225,47.45943,-0.59244,0.004415,-0.14401,1.173749,0.083776,0.6,4.488796,2.160508,5.775294,2.744545,0.223593,47.45942,-0.59243,0.250601,-1.66792,320.2369,105.8946,323.4839,-151.855,1,47.45807,-0.58813,-321.316,337.581,356.4211,0,-0.7,1.015477,-0.74842
161,155.9219,47.45943,-0.59244,0.001093,-0.15133,1.075845,0.305433,0.9,4.500336,2.147903,5.787512,2.646641,0.212053,47.45941,-0.59243,0.626502,-2.03857,320.2369,105.8946,323.4839,-151.855,1,47.45807,-0.58813,-320.945,337.3432,355.924,0,-0.7,1.025267,-0.74842
162,156.4271,47.45943,-0.59244,-0.00116,-0.13652,0.937718,0.150098,0.9,4.513022,2.135424,5.729916,2.508514,0.199367,47.45941,-0.59243,0.626502,-2.03857,320.2369,105.8946,323.4839,-151.855,1,47.45807,-0.58813,-320.945,337.3432,355.924,0,-0.7,1.035978,-0.74842
163,156.922,47.45943,-0.59244,0.001139,-0.10284,0.801524,5.972517,0.9,4.526618,2.123069,5.588544,2.37232,0.185771,47.45941,-0.59243,0.751803,-2.03857,320.2369,105.8946,323.4839,-151.855,1,47.45807,-0.58813,-320.819,337.2244,355.8104,0,0.7,1.047394,-0.74842
164,157.432,47.45943,-0.59244,0.001712,-0.05885,0.60025,6.106907,0.9,4.540436,2.110839,5.43321,2.171046,0.171953,47.45941,-0.59243,0.751803,-2.03857,320.2369,105.8946,323.4839,-151.855,1,47.45807,-0.58813,-320.819,337.2244,355.8104,0,0.7,1.058927,-0.74842
165,157.9274,47.45943,-0.59244,0.002911,-0.05115,0.363604,0.516617,0.9,4.55131,2.09873,5.417502,1.9344,0.161079,47.45942,-0.59243,0.375901,-1.4826,320.2369,105.8946,323.4839,-151.855,1,47.45807,-0.58813,-321.188,337.4032,356.3856,0,0.7,1.06795,-0.74842
166,158.4283,47.45943,-0.59244,0.008046,-0.05706,0.197368,0.53058,0.8,4.562366,2.085743,5.557128,1.768164,0.150023,47.45942,-0.59243,0.375901,-1.4826,320.2369,105.8946,323.4839,-151.855,1,47.45807,-0.58813,-321.188,337.4032,356.3856,0,0.7,1.077074,-0.74842
167,158.9275,47.45943,-0.59244,0.01034,-0.06244,0.044884,0.626573,0.5,4.572814,2.069886,5.696755,1.61568,0.139575,47.45942,-0.59243,0.501202,-1.11195,320.2369,105.8946,323.4839,-151.855,1,47.45807,-0.58813,-321.058,337.1666,356.4286,0,0.7,1.08565,-0.74842
168,159.4273,47.45943,-0.59244,0.009768,-0.0792,-0.08198,0.453786,0.4,4.585182,2.053187,5.817182,1.488813,0.127207,47.45942,-0.59243,0.501202,-1.11195,320.2369,105.8946,323.4839,-151.855,1,47.45807,-0.58813,-321.058,337.1666,356.4286,0,0.7,1.095739,-0.74842
169,159.9276,47.45943,-0.59244,0.015285,-0.10733,-0.11501,6.065019,0.1,4.600166,2.033655,5.900958,1.455792,0.112223,47.45943,-0.59243,0.626502,-0.7413,320.2369,105.8946,323.4839,-151.855,1,47.45807,-0.58813,-320.928,336.9303,356.472,0,0.7,1.107869,-0.74842
170,160.4319,47.45943,-0.59244,0.019816,-0.12788,-0.17674,4.701917,0.1,4.601687,2.014318,5.942846,1.394061,0.110702,47.45943,-0.59243,0.626502,-0.7413,320.2369,105.8946,323.4839,-151.855,1,47.45807,-0.58813,-320.928,336.9303,356.472,0,0.7,1.109094,-0.74842
171,160.9277,47.45943,-0.59244,0.01813,-0.132,-0.2329,3.434808,0,4.587864,1.994175,6.005678,1.337893,0.124525,47.45943,-0.59243,0.751802,-0.55598,320.2369,105.8946,323.4839,-151.855,1,47.45807,-0.58813,-320.801,336.7528,356.4372,0,0.7,1.097918,-0.74842
172,161.4321,47.45943,-0.59244,0.029403,-0.11631,-0.21421,1.851794,0.1,4.58179,1.975233,6.030113,1.356584,0.130599,47.45943,-0.59243,0.751802,-0.55598,320.2369,105.8946,323.4839,-151.855,1,47.45807,-0.58813,-320.801,336.7528,356.4372,0,0.7,1.092978,-0.74842
173,161.9321,47.45943,-0.59244,0.02546,-0.09659,-0.20405,2.464405,0.7,4.568394,1.962481,6.037094,1.366751,0.143994,47.45943,-0.59243,0.877103,0.185325,320.2369,105.8946,323.4839,-151.855,1,47.45807,-0.58813,-320.666,336.4003,356.6391,0,0.7,1.082028,-0.74842
174,162.4321,47.45943,-0.59244,0.02981,-0.1083,-0.22594,2.534218,0.7,4.554127,1.949856,6.012659,1.344854,0.158262,47.45943,-0.59243,0.877103,0.185325,320.2369,105.8946,323.4839,-151.855,1,47.45807,-0.58813,-320.666,336.4003,356.6391,0,0.7,1.070279,-0.74842
175,162.9324,47.45943,-0.59244,0.015896,-0.10756,-0.28946,2.720968,1,4.538504,1.940358,6.052802,1.28134,0.173885,47.45944,-0.59242,1.127703,1.111949,320.2369,105.8946,323.4839,-151.855,1,47.45807,-0.58813,-320.404,335.8722,356.8087,0,0.7,1.057319,-0.74842
176,163.4328,47.45943,-0.59244,0.018482,-0.13891,-0.31829,2.832669,1.1,4.52228,1.931954,6.059783,1.252507,0.190109,47.45944,-0.59242,1.127703,1.111949,320.2369,105.8946,323.4839,-151.855,1,47.45807,-0.58813,-320.404,335.8722,356.8087,0,0.7,1.043759,-0.74842
177,163.9321,47.45943,-0.59244,0.015614,-0.14132,-0.32215,2.968805,0.6,4.50575,1.918635,6.073746,1.248647,0.206639,47.45945,-0.59242,1.378304,1.667924,320.2369,105.8946,323.4839,-151.855,1,47.45807,-0.58813,-320.146,335.4609,356.8212,0,0.7,1.029845,-0.74842
178,164.4322,47.45943,-0.59244,0.025565,-0.12946,-0.20053,2.963569,0.7,4.489069,1.906448,6.01615,1.370266,0.22332,47.45945,-0.59242,1.378304,1.667924,320.2369,105.8946,323.4839,-151.855,1,47.45807,-0.58813,-320.146,335.4609,356.8212,0,0.7,1.015708,-0.74842
179,164.9323,47.45943,-0.59244,0.024606,-0.12202,-0.0645,3.040364,0.7,4.472373,1.894384,5.934119,1.506298,0.240016,47.45945,-0.59242,1.503604,2.038574,320.2369,105.8946,323.4839,-151.855,1,47.45807,-0.58813,-320.016,335.2268,356.8678,0,0.7,1.001472,-0.74842
180,165.432,47.45943,-0.59244,0.031089,-0.14052,0.148326,3.057817,0.8,4.455637,1.88344,5.8294,1.719123,0.256752,47.45945,-0.59242,1.503604,2.038574,320.2369,105.8946,323.4839,-151.855,1,47.45807,-0.58813,-320.016,335.2268,356.8678,0,0.7,0.987118,-0.74842
181,165.9323,47.45943,-0.59244,0.023815,-0.16329,0.309759,2.893756,0.6,4.438528,1.870606,5.684537,1.880555,0.273861,47.45945,-0.59242,1.628904,2.409223,320.2369,105.8946,323.4839,-151.855,1,47.45807,-0.58813,-319.886,334.993,356.9148,0,0.7,0.972367,-0.74842
182,166.4324,47.45943,-0.59244,0.020258,-0.14769,0.477788,2.537709,0.8,4.422089,1.8599,5.48557,2.048585,0.2903,47.45945,-0.59242,1.628904,2.409223,320.2369,105.8946,323.4839,-151.855,1,47.45807,-0.58813,-319.886,334.993,356.9148,0,0.7,0.958125,-0.74842
183,166.9323,47.45943,-0.59244,0.016295,-0.15196,0.637757,2.218313,0.7,4.40779,1.848301,5.352925,2.208553,0.304599,47.45945,-0.59242,1.628904,2.223899,320.2369,105.8946,323.4839,-151.855,1,47.45807,-0.58813,-319.889,335.0503,356.8347,0,0.7,0.945689,-0.74842
184,167.4323,47.45943,-0.59244,0.013864,-0.14002,0.778901,2.06647,0.8,4.394775,1.837818,5.279621,2.349697,0.317614,47.45945,-0.59242,1.628904,2.223899,320.2369,105.8946,323.4839,-151.855,1,47.45807,-0.58813,-319.889,335.0503,356.8347,0,0.7,0.934334,-0.74842
185,167.9328,47.45943,-0.59244,0.006162,-0.14367,0.86502,1.984439,0.9,4.382372,1.828439,5.304056,2.435816,0.330017,47.45945,-0.59241,1.754205,2.038574,320.2369,105.8946,323.4839,-151.855,1,47.45807,-0.58813,-319.766,334.9885,356.6417,0,-0.7,0.923484,-0.74842
186,168.4324,47.45943,-0.59244,-0.00142,-0.13,0.869606,1.979203,0.9,4.369567,1.819155,5.454154,2.440402,0.342822,47.45945,-0.59241,1.754205,2.038574,320.2369,105.8946,323.4839,-151.855,1,47.45807,-0.58813,-319.766,334.9885,356.6417,0,-0.7,0.912256,-0.74842
187,168.9325,47.45943,-0.59244,-0.0026,-0.03865,0.895991,1.946042,0.8,4.356739,1.808963,5.534439,2.466788,0.35565,47.45945,-0.59241,1.879505,1.853249,320.2369,105.8946,323.4839,-151.855,1,47.45807,-0.58813,-319.643,334.9269,356.4487,0,-0.7,0.900985,-0.74842
188,169.4323,47.45943,-0.59244,-0.01207,-0.11742,0.883238,1.661553,0.8,4.348084,1.798874,5.443682,2.454035,0.364305,47.45945,-0.59241,1.879505,1.853249,320.2369,105.8946,323.4839,-151.855,1,47.45807,-0.58813,-319.643,334.9269,356.4487,0,-0.7,0.893368,-0.74842
189,169.9279,47.45943,-0.59244,-0.01555,-0.11621,0.89181,2.134538,0.8,4.331677,1.788885,5.51175,2.462606,0.380712,47.45945,-0.59242,1.378304,2.223899,320.2369,105.8946,323.4839,-151.855,1,47.45807,-0.58813,-320.139,335.2886,357.0607,0,-0.7,0.878906,-0.74842
190,170.4325,47.45943,-0.59244,-0.01701,-0.10135,0.918742,2.237512,0.7,4.313559,1.777996,5.543166,2.489538,0.39883,47.45945,-0.59242,1.378304,2.223899,320.2369,105.8946,323.4839,-151.855,1,47.45807,-0.58813,-320.139,335.2886,357.0607,0,-0.7,0.862908,-0.74842
191,170.9325,47.45943,-0.59244,-0.00994,-0.13052,0.9289,1.354375,0.4,4.309645,1.764216,5.48906,2.499696,0.402744,47.45945,-0.59242,1.378304,2.223899,320.2369,105.8946,323.4839,-151.855,1,47.45807,-0.58813,-320.139,335.2886,357.0607,0,-0.7,0.859449,-0.74842
192,171.4275,47.45943,-0.59244,-0.01365,-0.14362,0.933913,1.356121,0.4,4.305482,1.750574,5.506514,2.504709,0.406907,47.45945,-0.59242,1.378304,2.223899,320.2369,105.8946,323.4839,-151.855,1,47.45807,-0.58813,-320.139,335.2886,357.0607,0,-0.7,0.855768,-0.74842
193,171.9286,47.45943,-0.59244,-0.01284,-0.11216,0.913507,1.432915,0.5,4.29937,1.738068,5.53793,2.484303,0.413019,47.45945,-0.59242,1.253003,2.409223,320.2369,105.8946,323.4839,-151.855,1,47.45807,-0.58813,-320.262,335.3505,357.2538,0,-0.7,0.850364,-0.74842
194,172.4275,47.45943,-0.59244,-0.01284,-0.11725,0.970152,1.359611,0.4,4.294606,1.724688,5.54142,2.540948,0.417783,47.45945,-0.59242,1.253003,2.409223,320.2369,105.8946,323.4839,-151.855,1,47.45807,-0.58813,-320.262,335.3505,357.2538,0,-0.7,0.84615,-0.74842
195,172.9277,47.45943,-0.59244,-0.0197,-0.10767,0.946822,2.059489,0.7,4.275423,1.714441,5.569346,2.517618,0.436966,47.45946,-0.59243,0.751802,2.779873,320.2369,105.8946,323.4839,-151.855,1,47.45807,-0.58813,-320.759,335.7133,357.8659,0,-0.7,0.829175,-0.74842
196,173.4324,47.45943,-0.59244,-0.02103,-0.06531,0.956077,2.080432,0.7,4.255166,1.704296,5.583308,2.526873,0.457223,47.45946,-0.59243,0.751802,2.779873,320.2369,105.8946,323.4839,-151.855,1,47.45807,-0.58813,-320.759,335.7133,357.8659,0,-0.7,0.811246,-0.74842
197,173.9326,47.45943,-0.59244,-0.02181,-0.05572,0.903854,1.815142,0.5,4.238573,1.692253,5.607743,2.474651,0.473816,47.45946,-0.59243,0.626502,2.965198,320.2369,105.8946,323.4839,-151.855,1,47.45807,-0.58813,-320.882,335.7757,358.059,0,-0.7,0.796566,-0.74842
198,174.4326,47.45943,-0.59244,-0.02064,-0.06904,0.9075,1.829105,0.6,4.220876,1.681331,5.630432,2.478296,0.491513,47.45946,-0.59243,0.626502,2.965198,320.2369,105.8946,323.4839,-151.855,1,47.45807,-0.58813,-320.882,335.7757,358.059,0,-0.7,0.78092,-0.74842
199,174.9327,47.45943,-0.59244,-0.02078,-0.07407,0.894711,1.61792,0.5,4.206838,1.669518,5.670575,2.465508,0.505551,47.45946,-0.59243,0.626502,2.965198,320.2369,105.8946,323.4839,-151.855,1,47.45807,-0.58813,-320.882,335.7757,358.059,0,-0.7,0.768524,-0.74842
200,175.4274,47.45943,-0.59244,-0.02009,-0.07352,0.894518,1.747075,0.5,4.189037,1.657822,5.679301,2.465314,0.523352,47.45946,-0.59243,0.626502,2.965198,320.2369,105.8946,323.4839,-151.855,1,47.45807,-0.58813,-320.882,335.7757,358.059,0,-0.7,0.752829,-0.74842
201,175.9329,47.45943,-0.59244,-0.02007,-0.08321,0.892754,2.001893,0.4,4.16537,1.645244,5.668829,2.46355,0.547019,47.45946,-0.59243,0.751802,2.965198,320.2369,105.8946,323.4839,-151.855,1,47.45807,-0.58813,-320.756,335.6564,357.946,0,-0.7,0.732017,-0.74842
202,176.4325,47.45943,-0.59244,-0.02054,-0.10785,0.8885,2.150246,0.4,4.138591,1.632792,5.649631,2.459296,0.573798,47.45946,-0.59243,0.751802,2.965198,320.2369,105.8946,323.4839,-151.855,1,47.45807,-0.58813,-320.756,335.6564,357.946,0,-0.7,0.708564,-0.74842
203,176.9328,47.45943,-0.59244,-0.02113,-0.14522,0.885894,2.153736,0.3,4.110839,1.619464,5.637413,2.45669,0.60155,47.45946,-0.59243,0.751802,2.779873,320.2369,105.8946,323.4839,-151.855,1,47.45807,-0.58813,-320.759,335.7133,357.8659,0,-0.7,0.684392,-0.74842
204,177.433,47.45943,-0.59244,-0.02197,-0.17884,0.883328,2.110103,0.3,4.082658,1.606269,5.64614,2.454125,0.629731,47.45946,-0.59243,0.751802,2.779873,320.2369,105.8946,323.4839,-151.855,1,47.45807,-0.58813,-320.759,335.7133,357.8659,0,-0.7,0.660013,-0.74842
205,177.9329,47.45943,-0.59244,-0.02081,-0.17248,0.881412,2.921681,0.4,4.0543,1.594206,5.67232,2.452209,0.658089,47.45946,-0.59242,1.127703,2.594548,320.2369,105.8946,323.4839,-151.855,1,47.45807,-0.58813,-320.385,335.4126,357.4468,0,-0.7,0.63568,-0.74842
206,178.4331,47.45943,-0.59244,-0.01766,-0.10693,0.876525,2.897247,0.2,4.026071,1.580264,5.705481,2.447322,0.686318,47.45946,-0.59242,1.127703,2.594548,320.2369,105.8946,323.4839,-151.855,1,47.45807,-0.58813,-320.385,335.4126,357.4468,0,-0.7,0.611682,-0.74842
207,178.9329,47.45943,-0.59244,-0.01481,-0.01321,0.872696,6.099926,0.3,4.05376,1.567462,5.703736,2.443492,0.658629,47.45946,-0.59242,1.127703,2.594548,320.2369,105.8946,323.4839,-151.855,1,47.45807,-0.58813,-320.385,335.4126,357.4468,0,-0.7,0.635219,-0.74842
208,179.435,47.45943,-0.59244,-0.01376,0.049071,0.872583,5.970771,0.3,4.084105,1.554787,5.661848,2.443379,0.628284,47.45946,-0.59242,1.127703,2.594548,320.2369,105.8946,323.4839,-151.855,1,47.45807,-0.58813,-320.385,335.4126,357.4468,0,-0.7,0.661261,-0.74842
209,179.9328,47.45943,-0.59244,-0.01535,0.060172,0.869341,2.764602,0.8,4.052812,1.547239,5.679301,2.440137,0.659577,47.45946,-0.59243,0.375901,3.335848,320.2369,105.8946,323.4839,-151.855,1,47.45807,-0.58813,-321.128,335.9009,358.4453,0,-0.7,0.634409,-0.74842
210,180.4329,47.45943,-0.59244,-0.01632,0.060915,0.864065,2.527237,0.8,4.020276,1.539767,5.740388,2.434862,0.692113,47.45946,-0.59243,0.375901,3.335848,320.2369,105.8946,323.4839,-151.855,1,47.45807,-0.58813,-321.128,335.9009,358.4453,0,-0.7,0.606786,-0.74842
211,180.933,47.45943,-0.59244,-0.01608,0.062139,0.858535,1.281072,0.5,4.006993,1.529369,5.831145,2.429331,0.705396,47.45946,-0.59244,0.1253,3.521173,320.2369,105.8946,323.4839,-151.855,1,47.45807,-0.58813,-321.376,336.083,358.7514,0,-0.7,0.595605,-0.74842
212,181.4274,47.45943,-0.59244,-0.01641,0.061801,0.853399,1.410226,0.7,3.988704,1.521075,5.946337,2.424195,0.723685,47.45946,-0.59244,0.1253,3.521173,320.2369,105.8946,323.4839,-151.855,1,47.45807,-0.58813,-321.376,336.083,358.7514,0,-0.7,0.580308,-0.74842
213,181.9275,47.45943,-0.59244,-0.01576,0.062324,0.849216,1.207768,0.8,3.975693,1.513865,6.058038,2.420012,0.736696,47.45946,-0.59244,0.1253,3.521173,320.2369,105.8946,323.4839,-151.855,1,47.45807,-0.58813,-321.376,336.083,358.7514,0,-0.7,0.569498,-0.74842
214,182.4275,47.45943,-0.59244,-0.01551,0.062399,0.846254,1.137955,0.8,3.96414,1.506726,6.103416,2.417051,0.748249,47.45946,-0.59244,0.1253,3.521173,320.2369,105.8946,323.4839,-151.855,1,47.45807,-0.58813,-321.376,336.083,358.7514,0,-0.7,0.559953,-0.74842
215,182.9274,47.45943,-0.59244,-0.01496,0.062598,0.843344,0.945968,0.9,3.959145,1.500659,6.12087,2.414141,0.753244,47.45946,-0.59244,0.1253,3.521173,320.2369,105.8946,323.4839,-151.855,1,47.45807,-0.58813,-321.376,336.083,358.7514,0,-0.7,0.555842,-0.74842
216,183.4333,47.45943,-0.59244,-0.01507,0.062363,0.841306,0.659734,0.8,3.965858,1.493652,6.126106,2.412102,0.746531,47.45946,-0.59244,0.1253,3.521173,320.2369,105.8946,323.4839,-151.855,1,47.45807,-0.58813,-321.376,336.083,358.7514,0,-0.7,0.561369,-0.74842
217,183.9274,47.45943,-0.59244,-0.01488,0.062343,0.839284,0.329867,0.9,3.987133,1.487716,6.117379,2.41008,0.725256,47.45946,-0.59244,0.1253,3.521173,320.2369,105.8946,323.4839,-151.855,1,47.45807,-0.58813,-321.376,336.083,358.7514,0,-0.7,0.578999,-0.74842
218,184.4276,47.45943,-0.59244,-0.01468,0.06215,0.837536,0.18675,0.8,4.015877,1.480839,6.115634,2.408332,0.696512,47.45946,-0.59244,0.1253,3.521173,320.2369,105.8946,323.4839,-151.855,1,47.45807,-0.58813,-321.376,336.083,358.7514,0,-0.7,0.603077,-0.74842
219,184.9276,47.45943,-0.59244,-0.01414,0.062064,0.836205,0.095993,0.9,4.050321,1.47503,6.106907,2.407001,0.662068,47.45947,-0.59244,0.1253,3.706498,320.2369,105.8946,323.4839,-151.855,1,47.45807,-0.58813,-321.373,336.0266,358.8317,0,-0.7,0.632283,-0.74842
220,185.423,47.45943,-0.59244,-0.01393,0.062032,0.834802,0.05236,0.9,4.088988,1.46928,6.106907,2.405598,0.623401,47.45947,-0.59244,0.1253,3.706498,320.2369,105.8946,323.4839,-151.855,1,47.45807,-0.58813,-321.373,336.0266,358.8317,0,-0.7,0.665474,-0.74842
221,185.9224,47.45943,-0.59244,-0.01392,0.062263,0.833378,0.003491,1,4.13213,1.464587,6.103416,2.404174,0.580259,47.45947,-0.59244,0.1253,3.706498,320.2369,105.8946,323.4839,-151.855,1,47.45807,-0.58813,-321.373,336.0266,358.8317,0,-0.7,0.702923,-0.74842
222,186.4334,47.45943,-0.59244,-0.01414,0.061862,0.831703,6.2029,1.1,4.180549,1.460941,6.09469,2.402499,0.53184,47.45947,-0.59244,0.1253,3.706498,320.2369,105.8946,323.4839,-151.855,1,47.45807,-0.58813,-321.373,336.0266,358.8317,0,-0.7,0.745357,-0.74842
223,186.9333,47.45943,-0.59244,-0.01458,0.06108,0.831024,6.183702,1.2,4.232294,1.458332,6.092944,2.40182,0.480095,47.45947,-0.59244,0.1253,3.706498,320.2369,105.8946,323.4839,-151.855,1,47.45807,-0.58813,-321.373,336.0266,358.8317,0,-0.7,0.791012,-0.74842
224,187.4334,47.45943,-0.59244,-0.01426,0.061486,0.829893,6.162758,1.3,4.287209,1.456748,6.089454,2.400689,0.42518,47.45947,-0.59244,0.1253,3.706498,320.2369,105.8946,323.4839,-151.855,1,47.45807,-0.58813,-321.373,336.0266,358.8317,0,-0.7,0.839606,-0.74842
225,187.933,47.45943,-0.59244,-0.01438,0.06143,0.828521,6.180211,1.4,4.344404,1.456181,6.087708,2.399317,0.367985,47.45947,-0.59244,0.1253,3.891822,320.2369,105.8946,323.4839,-151.855,1,47.45807,-0.58813,-321.371,335.9703,358.9121,0,-0.7,0.890127,-0.74842
226,188.4342,47.45943,-0.59244,-0.0144,0.06117,0.827128,6.161012,1.4,4.404265,1.455619,6.082472,2.397924,0.308124,47.45947,-0.59244,0.1253,3.891822,320.2369,105.8946,323.4839,-151.855,1,47.45807,-0.58813,-321.371,335.9703,358.9121,0,-0.7,0.942617,-0.74842
227,188.9334,47.45943,-0.59244,-0.01481,0.061402,0.824862,6.087708,1.6,4.466528,1.457063,6.087708,2.395658,0.245861,47.45947,-0.59244,0.1253,3.891822,320.2369,105.8946,323.4839,-151.855,1,47.45807,-0.58813,-321.371,335.9703,358.9121,0,-0.7,0.996468,-0.74842
228,189.4335,47.45943,-0.59244,-0.01518,0.060601,0.822653,6.017895,1.6,4.529607,1.458492,6.085963,2.393449,0.182782,47.45947,-0.59244,0.1253,3.891822,320.2369,105.8946,323.4839,-151.855,1,47.45807,-0.58813,-321.371,335.9703,358.9121,0,-0.7,1.049895,-0.74842
229,189.933,47.45943,-0.59244,-0.01536,0.060032,0.820446,6.026622,1.6,4.592739,1.459907,6.085963,2.391242,0.11965,47.45947,-0.59244,0.1253,3.891822,320.2369,105.8946,323.4839,-151.855,1,47.45807,-0.58813,-321.371,335.9703,358.9121,0,0.7,1.101869,-0.74842
230,190.4342,47.45943,-0.59244,-0.01538,0.059551,0.817848,6.003933,1.6,4.655112,1.461308,6.085963,2.388645,0.057277,47.45947,-0.59244,0.1253,3.891822,320.2369,105.8946,323.4839,-151.855,1,47.45807,-0.58813,-321.371,335.9703,358.9121,0,0.7,1.151396,-0.74842
231,190.9331,47.45943,-0.59244,-0.0153,0.059609,0.814391,5.984734,1.6,4.716035,1.462695,6.085963,2.385187,-0.00365,47.45947,-0.59244,0.1253,3.891822,320.2369,105.8946,323.4839,-151.855,1,47.45807,-0.58813,-321.371,335.9703,358.9121,0,0.7,1.197698,-0.74842
232,191.4334,47.45943,-0.59244,-0.01593,0.059451,0.811043,5.953318,1.6,4.774596,1.464068,6.082472,2.381839,-0.06221,47.45947,-0.59244,0.1253,3.891822,320.2369,105.8946,323.4839,-151.855,1,47.45807,-0.58813,-321.371,335.9703,358.9121,0,0.7,1.239989,-0.74842
233,191.9332,47.45943,-0.59244,-0.01624,0.05956,0.808708,5.909685,1.6,4.829802,1.465428,6.080727,2.379505,-0.11741,47.45947,-0.59244,0.1253,4.077147,320.2369,105.8946,323.4839,-151.855,1,47.45807,-0.58813,-321.369,335.9141,358.9926,0,0.7,1.27763,-0.74842
234,192.4335,47.45943,-0.59244,-0.0164,0.059765,0.807566,5.878269,1.6,4.881451,1.466773,6.080727,2.378362,-0.16906,47.45947,-0.59244,0.1253,4.077147,320.2369,105.8946,323.4839,-151.855,1,47.45807,-0.58813,-321.369,335.9141,358.9926,0,0.7,1.310703,-0.74842
235,192.9333,47.45943,-0.59244,-0.01702,0.060214,0.807131,5.888741,1.6,4.930695,1.468106,6.077236,2.377927,-0.21831,47.45947,-0.59244,0.1253,4.077147,320.2369,105.8946,323.4839,-151.855,1,47.45807,-0.58813,-321.369,335.9141,358.9926,0,0.7,1.340156,-0.74842
236,193.4334,47.45943,-0.59244,-0.01735,0.060002,0.806699,5.848598,1.6,4.975771,1.469425,6.077236,2.377496,-0.26338,47.45947,-0.59244,0.1253,4.077147,320.2369,105.8946,323.4839,-151.855,1,47.45807,-0.58813,-321.369,335.9141,358.9926,0,0.7,1.365223,-0.74842
237,193.9333,47.45943,-0.59244,-0.01718,0.059148,0.805974,5.778785,1.4,5.015398,1.46873,6.077236,2.37677,-0.30301,47.45947,-0.59244,0.1253,4.262472,320.2369,105.8946,323.4839,-151.855,1,47.45807,-0.58813,-321.366,335.8579,359.0731,0,0.7,1.385689,-0.74842
238,194.4381,47.45943,-0.59244,-0.01723,0.059447,0.805314,5.775294,1.4,5.052211,1.468043,6.078982,2.37611,-0.33982,47.45947,-0.59244,0.1253,4.262472,320.2369,105.8946,323.4839,-151.855,1,47.45807,-0.58813,-321.366,335.8579,359.0731,0,0.7,1.40333,-0.74842
239,194.9333,47.45943,-0.59244,-0.01685,0.05882,0.80483,5.72468,1.2,5.084456,1.465363,6.075491,2.375626,-0.37207,47.45947,-0.59244,0,4.262472,320.2369,105.8946,323.4839,-151.855,1,47.45807,-0.58813,-321.492,335.9774,359.186,0,0.7,1.41766,-0.74842
240,195.434,47.45943,-0.59244,-0.01621,0.059055,0.804767,5.656612,1.1,5.111563,1.461709,6.077236,2.375564,-0.39918,47.45947,-0.59244,0,4.262472,320.2369,105.8946,323.4839,-151.855,1,47.45807,-0.58813,-321.492,335.9774,359.186,0,0.7,1.428876,-0.74842
241,195.9332,47.45943,-0.59244,-0.01526,0.059282,0.804057,5.621706,1,5.135206,1.457092,6.078982,2.374854,-0.42282,47.45947,-0.59244,0,4.262472,320.2369,105.8946,323.4839,-151.855,1,47.45807,-0.58813,-321.492,335.9774,359.186,0,0.7,1.438025,-0.74842
242,196.4335,47.45943,-0.59244,-0.01551,0.059416,0.803864,5.599016,0.8,5.156164,1.450521,6.075491,2.37466,-0.44378,47.45947,-0.59244,0,4.262472,320.2369,105.8946,323.4839,-151.855,1,47.45807,-0.58813,-321.492,335.9774,359.186,0,0.7,1.445635,-0.74842
243,196.9438,47.45943,-0.59244,-0.01512,0.059647,0.803667,5.516986,0.7,5.172159,1.443016,6.051057,2.374463,-0.45977,47.45947,-0.59244,0,4.447797,320.2369,105.8946,323.4839,-151.855,1,47.45807,-0.58813,-321.489,335.9213,359.2665,0,0.7,1.451121,-0.74842
244,197.4339,47.45943,-0.59244,-0.01548,0.059754,0.803627,5.419247,0.6,5.182876,1.434586,6.014405,2.374423,-0.47049,47.45947,-0.59244,0,4.447797,320.2369,105.8946,323.4839,-151.855,1,47.45807,-0.58813,-321.489,335.9213,359.2665,0,0.7,1.45464,-0.74842
245,197.938,47.45943,-0.59244,-0.01517,0.05978,0.803343,5.403539,0.7,5.192162,1.42724,5.969026,2.37414,-0.47977,47.45947,-0.59244,0,4.447797,320.2369,105.8946,323.4839,-151.855,1,47.45807,-0.58813,-321.489,335.9213,359.2665,0,0.7,1.457587,-0.74842
246,198.438,47.45943,-0.59244,-0.01513,0.060297,0.803179,5.461135,0.8,5.203097,1.420967,5.939355,2.373975,-0.49071,47.45947,-0.59244,0,4.447797,320.2369,105.8946,323.4839,-151.855,1,47.45807,-0.58813,-321.489,335.9213,359.2665,0,0.7,1.460935,-0.74842
247,198.9334,47.45943,-0.59244,-0.01476,0.060176,0.802868,5.476843,0.9,5.213902,1.415758,5.935865,2.373665,-0.50151,47.45947,-0.59244,0,4.447797,320.2369,105.8946,323.4839,-151.855,1,47.45807,-0.58813,-321.489,335.9213,359.2665,0,0.7,1.464111,-0.74842
248,199.4341,47.45943,-0.59244,-0.0147,0.059728,0.802594,5.352925,0.9,5.219281,1.4106,5.930629,2.37339,-0.50689,47.45947,-0.59244,0,4.447797,320.2369,105.8946,323.4839,-151.855,1,47.45807,-0.58813,-321.489,335.9213,359.2665,0,0.7,1.465643,-0.74842
249,199.9334,47.45943,-0.59244,-0.01484,0.05972,0.801852,5.162684,0.8,5.217146,1.404494,5.914921,2.372649,-0.50476,47.45947,-0.59244,-0.1253,4.447797,320.2369,105.8946,323.4839,-151.855,1,47.45807,-0.58813,-321.615,336.0408,359.3794,0,0.7,1.465039,-0.74842
250,200.4335,47.45943,-0.59244,-0.01441,0.059946,0.801913,5.133013,1,5.214061,1.400449,5.878269,2.37271,-0.50167,47.45947,-0.59244,-0.1253,4.447797,320.2369,105.8946,323.4839,-151.855,1,47.45807,-0.58813,-321.615,336.0408,359.3794,0,0.7,1.464157,-0.74842
251,200.938,47.45943,-0.59244,-0.01438,0.059589,0.801657,5.152212,1.1,5.21185,1.397445,5.848598,2.372453,-0.49946,47.45947,-0.59244,-0.1253,4.447797,320.2369,105.8946,323.4839,-151.855,1,47.45807,-0.58813,-321.615,336.0408,359.3794,0,0.7,1.463518,-0.74842
252,201.4381,47.45943,-0.59244,-0.01384,0.059756,0.801646,5.145231,1.2,5.209529,1.39547,5.838126,2.372442,-0.49714,47.45947,-0.59244,-0.1253,4.447797,320.2369,105.8946,323.4839,-151.855,1,47.45807,-0.58813,-321.615,336.0408,359.3794,0,0.7,1.462841,-0.74842
253,201.9336,47.45943,-0.59244,-0.01379,0.060014,0.801613,5.162684,1.2,5.207936,1.393516,5.839872,2.372409,-0.49555,47.45947,-0.59244,-0.1253,4.447797,320.2369,105.8946,323.4839,-151.855,1,47.45807,-0.58813,-321.615,336.0408,359.3794,0,0.7,1.462373,-0.74842
254,202.4338,47.45943,-0.59244,-0.0138,0.06017,0.801574,5.124287,1.2,5.205159,1.39158,5.838126,2.37237,-0.49277,47.45947,-0.59244,-0.1253,4.447797,320.2369,105.8946,323.4839,-151.855,1,47.45807,-0.58813,-321.615,336.0408,359.3794,0,0.7,1.461551,-0.74842
255,202.9336,47.45943,-0.59244,-0.01449,0.060606,0.80102,5.112069,1.2,5.20214,1.389665,5.838126,2.371816,-0.48975,47.45947,-0.59244,-0.2506,4.447797,320.2369,105.8946,323.4839,-151.855,1,47.45807,-0.58813,-321.74,336.1603,359.4922,0,0.7,1.460647,-0.74842
256,203.4337,47.45943,-0.59244,-0.01436,0.060834,0.800679,5.159193,1.3,5.200776,1.388768,5.822418,2.371476,-0.48839,47.45947,-0.59244,-0.2506,4.447797,320.2369,105.8946,323.4839,-151.855,1,47.45807,-0.58813,-321.74,336.1603,359.4922,0,0.7,1.460235,-0.74842
257,203.938,47.45943,-0.59244,-0.01444,0.061578,0.800048,5.078908,1.3,5.196996,1.38788,5.78053,2.370844,-0.48461,47.45947,-0.59244,-0.2506,4.447797,320.2369,105.8946,323.4839,-151.855,1,47.45807,-0.58813,-321.74,336.1603,359.4922,0,0.7,1.459083,-0.74842
258,204.4381,47.45943,-0.59244,-0.01466,0.062021,0.799964,4.968952,1.3,5.190106,1.387001,5.756096,2.370761,-0.47772,47.45947,-0.59244,-0.2506,4.447797,320.2369,105.8946,323.4839,-151.855,1,47.45807,-0.58813,-321.74,336.1603,359.4922,0,0.7,1.456943,-0.74842
259,204.9383,47.45943,-0.59244,-0.01479,0.061831,0.799581,4.893903,1.3,5.181377,1.386131,5.72468,2.370377,-0.46899,47.45947,-0.59244,-0.2506,4.447797,320.2369,105.8946,323.4839,-151.855,1,47.45807,-0.58813,-321.74,336.1603,359.4922,0,0.7,1.454156,-0.74842
260,205.4335,47.45943,-0.59244,-0.01487,0.061671,0.799362,4.862487,1.3,5.172172,1.38527,5.701991,2.370159,-0.45978,47.45947,-0.59244,-0.2506,4.447797,320.2369,105.8946,323.4839,-151.855,1,47.45807,-0.58813,-321.74,336.1603,359.4922,0,0.7,1.451125,-0.74842
261,205.9336,47.45943,-0.59244,-0.01474,0.061583,0.79904,4.865978,1.2,5.163478,1.383417,5.695009,2.369836,-0.45109,47.45947,-0.59244,-0.2506,4.447797,320.2369,105.8946,323.4839,-151.855,1,47.45807,-0.58813,-321.74,336.1603,359.4922,0,0.7,1.448178,-0.74842
262,206.4382,47.45943,-0.59244,-0.01503,0.06189,0.798308,4.970698,1.3,5.158052,1.382583,5.688028,2.369104,-0.44566,47.45947,-0.59244,-0.2506,4.447797,320.2369,105.8946,323.4839,-151.855,1,47.45807,-0.58813,-321.74,336.1603,359.4922,0,0.7,1.446297,-0.74842
263,206.9336,47.45943,-0.59244,-0.01542,0.060856,0.798101,5.08938,1.5,5.156143,1.383757,5.691519,2.368897,-0.44375,47.45947,-0.59244,-0.3759,4.447797,320.2369,105.8946,323.4839,-151.855,1,47.45807,-0.58813,-321.865,336.2797,359.605,0,0.7,1.445627,-0.74842
264,207.4383,47.45943,-0.59244,-0.01517,0.060648,0.797475,5.150467,1.6,5.155988,1.38592,5.707227,2.368271,-0.4436,47.45947,-0.59244,-0.3759,4.447797,320.2369,105.8946,323.4839,-151.855,1,47.45807,-0.58813,-321.865,336.2797,359.605,0,0.7,1.445573,-0.74842
265,207.9335,47.45943,-0.59244,-0.01477,0.060518,0.797067,5.171411,1.7,5.156402,1.389061,5.735152,2.367864,-0.44401,47.45947,-0.59244,-0.3759,4.447797,320.2369,105.8946,323.4839,-151.855,1,47.45807,-0.58813,-321.865,336.2797,359.605,0,0.7,1.445718,-0.74842
266,208.4384,47.45943,-0.59244,-0.01457,0.06063,0.796671,5.122541,1.7,5.155508,1.39217,5.770059,2.367467,-0.44312,47.45947,-0.59244,-0.3759,4.447797,320.2369,105.8946,323.4839,-151.855,1,47.45807,-0.58813,-321.865,336.2797,359.605,0,0.7,1.445404,-0.74842
267,208.9383,47.45943,-0.59244,-0.01514,0.060746,0.796418,5.057964,1.6,5.152976,1.394248,5.789257,2.367214,-0.44059,47.45947,-0.59244,-0.5012,4.447797,320.2369,105.8946,323.4839,-151.855,1,47.45807,-0.58813,-321.991,336.3992,359.7179,0,0.7,1.444508,-0.74842
268,209.4383,47.45943,-0.59244,-0.01482,0.060529,0.79643,4.95848,1.6,5.148029,1.396306,5.784021,2.367227,-0.43564,47.45947,-0.59244,-0.5012,4.447797,320.2369,105.8946,323.4839,-151.855,1,47.45807,-0.58813,-321.991,336.3992,359.7179,0,0.7,1.442737,-0.74842
269,209.9335,47.45943,-0.59244,-0.01389,0.060161,0.796314,4.794419,1.7,5.139288,1.399343,5.738643,2.36711,-0.4269,47.45947,-0.59244,-0.5012,4.447797,320.2369,105.8946,323.4839,-151.855,1,47.45807,-0.58813,-321.991,336.3992,359.7179,0,0.7,1.439545,-0.74842
270,210.4336,47.45943,-0.59244,-0.014,0.059684,0.796081,4.743805,1.7,5.129691,1.402349,5.64614,2.366878,-0.4173,47.45947,-0.59244,-0.5012,4.447797,320.2369,105.8946,323.4839,-151.855,1,47.45807,-0.58813,-321.991,336.3992,359.7179,0,0.7,1.435944,-0.74842
271,210.9338,47.45943,-0.59244,-0.01422,0.059625,0.795659,4.614651,1.7,5.117564,1.405326,5.534439,2.366456,-0.40518,47.45947,-0.59244,-0.3759,4.633122,320.2369,105.8946,323.4839,-151.855,1,47.45807,-0.58813,-321.863,336.2239,359.6856,0,0.7,1.431254,-0.74842
272,211.4335,47.45943,-0.59244,-0.01441,0.059797,0.795651,4.344125,1.9,5.100495,1.410273,5.365142,2.366447,-0.38811,47.45947,-0.59244,-0.3759,4.633122,320.2369,105.8946,323.4839,-151.855,1,47.45807,-0.58813,-321.863,336.2239,359.6856,0,0.7,1.424389,-0.74842
273,211.9337,47.45943,-0.59244,-0.01492,0.059372,0.795344,4.082325,1.8,5.079763,1.41417,5.225516,2.36614,-0.36737,47.45947,-0.59244,-0.3759,4.633122,320.2369,105.8946,323.4839,-151.855,1,47.45807,-0.58813,-321.863,336.2239,359.6856,0,0.7,1.415641,-0.74842
274,212.4338,47.45943,-0.59244,-0.01489,0.059803,0.795058,3.857178,1.8,5.056833,1.418028,5.045747,2.365855,-0.34444,47.45947,-0.59244,-0.3759,4.633122,320.2369,105.8946,323.4839,-151.855,1,47.45807,-0.58813,-321.863,336.2239,359.6856,0,0.7,1.405449,-0.74842
275,212.9387,47.45943,-0.59244,-0.01467,0.060595,0.795218,3.665191,1.7,5.0327,1.420848,4.845034,2.366014,-0.32031,47.45947,-0.59244,-0.3759,4.633122,320.2369,105.8946,323.4839,-151.855,1,47.45807,-0.58813,-321.863,336.2239,359.6856,0,0.7,1.394147,-0.74842
276,213.4383,47.45943,-0.59244,-0.01491,0.06037,0.795075,3.62854,1.6,5.008377,1.422639,4.703662,2.365871,-0.29599,47.45947,-0.59244,-0.3759,4.633122,320.2369,105.8946,323.4839,-151.855,1,47.45807,-0.58813,-321.863,336.2239,359.6856,0,0.7,1.382173,-0.74842
277,213.9385,47.45943,-0.59244,-0.01588,0.06052,0.794562,3.717551,1.5,4.984604,1.423413,4.626868,2.365358,-0.27222,47.45947,-0.59244,-0.3759,4.633122,320.2369,105.8946,323.4839,-151.855,1,47.45807,-0.58813,-321.863,336.2239,359.6856,0,0.7,1.369915,-0.74842
278,214.4341,47.45943,-0.59244,-0.01606,0.060702,0.794303,3.748967,1.4,4.961207,1.423179,4.579744,2.365099,-0.24882,47.45947,-0.59244,-0.3759,4.633122,320.2369,105.8946,323.4839,-151.855,1,47.45807,-0.58813,-321.863,336.2239,359.6856,0,0.7,1.357328,-0.74842
279,214.9337,47.45943,-0.59244,-0.01629,0.060587,0.794112,3.876376,1.6,4.939339,1.424947,4.562291,2.364908,-0.22695,47.45947,-0.59244,-0.3759,4.633122,320.2369,105.8946,323.4839,-151.855,1,47.45807,-0.58813,-321.863,336.2239,359.6856,0,0.7,1.345107,-0.74842
280,215.4382,47.45943,-0.59244,-0.01595,0.060367,0.793854,3.968879,1.8,4.919018,1.428698,4.560545,2.364651,-0.20663,47.45947,-0.59244,-0.3759,4.633122,320.2369,105.8946,323.4839,-151.855,1,47.45807,-0.58813,-321.863,336.2239,359.6856,0,0.7,1.333363,-0.74842
281,215.9383,47.45943,-0.59244,-0.01584,0.06021,0.793326,4.096288,2,4.90109,1.434411,4.5588,2.364123,-0.1887,47.45947,-0.59244,-0.5012,4.633122,320.2369,105.8946,323.4839,-151.855,1,47.45807,-0.58813,-321.988,336.3433,359.7985,0,0.7,1.3227,-0.74842
282,216.4339,47.45943,-0.59244,-0.01551,0.060275,0.79324,4.167846,2.1,4.884855,1.441067,4.544837,2.364036,-0.17247,47.45947,-0.59244,-0.5012,4.633122,320.2369,105.8946,323.4839,-151.855,1,47.45807,-0.58813,-321.988,336.3433,359.7985,0,0.7,1.312806,-0.74842
283,216.9394,47.45943,-0.59244,-0.01595,0.060219,0.792301,4.223697,2.2,4.870098,1.448656,4.546583,2.363097,-0.15771,47.45947,-0.59244,-0.5012,4.447797,320.2369,105.8946,323.4839,-151.855,1,47.45807,-0.58813,-321.991,336.3992,359.7179,0,0.7,1.30362,-0.74842
284,217.4383,47.45943,-0.59244,-0.01583,0.060957,0.792397,4.246386,2.4,4.856195,1.458169,4.548328,2.363193,-0.14381,47.45947,-0.59244,-0.5012,4.447797,320.2369,105.8946,323.4839,-151.855,1,47.45807,-0.58813,-321.991,336.3992,359.7179,0,0.7,1.2948,-0.74842
285,217.9352,47.45943,-0.59244,-0.01629,0.060998,0.792712,4.265585,2.6,4.843068,1.469588,4.548328,2.363508,-0.13068,47.45947,-0.59244,-0.5012,4.447797,320.2369,105.8946,323.4839,-151.855,1,47.45807,-0.58813,-321.991,336.3992,359.7179,0,0.7,1.286329,-0.74842
286,218.4385,47.45943,-0.59244,-0.01639,0.060527,0.792227,4.263839,2.7,4.83029,1.481892,4.537856,2.363023,-0.1179,47.45947,-0.59244,-0.5012,4.447797,320.2369,105.8946,323.4839,-151.855,1,47.45807,-0.58813,-321.991,336.3992,359.7179,0,0.7,1.277953,-0.74842
287,218.9339,47.45943,-0.59244,-0.01652,0.060259,0.792018,4.283038,2.9,4.818264,1.496073,4.544837,2.362815,-0.10588,47.45947,-0.59244,-0.5012,4.633122,320.2369,105.8946,323.4839,-151.855,1,47.45807,-0.58813,-321.988,336.3433,359.7985,0,0.7,1.269952,-0.74842
288,219.4337,47.45943,-0.59244,-0.01641,0.059804,0.791936,4.309218,3.1,4.807114,1.512112,4.544837,2.362732,-0.09473,47.45947,-0.59244,-0.5012,4.633122,320.2369,105.8946,323.4839,-151.855,1,47.45807,-0.58813,-321.988,336.3433,359.7985,0,0.7,1.262436,-0.74842
289,219.9355,47.45943,-0.59244,-0.01726,0.038454,0.803276,4.288274,3.3,4.795882,1.529991,4.522148,2.374073,-0.08349,47.45947,-0.59244,-0.5012,4.447797,320.2369,105.8946,323.4839,-151.855,1,47.45807,-0.58813,-321.991,336.3992,359.7179,0,0.7,1.25477,-0.74842
290,220.4339,47.45943,-0.59244,-0.01946,-0.00418,0.835735,4.248131,3.4,4.784195,1.548691,4.488987,2.406531,-0.07181,47.45947,-0.59244,-0.5012,4.447797,320.2369,105.8946,323.4839,-151.855,1,47.45807,-0.58813,-321.991,336.3992,359.7179,0,-0.7,1.246695,-0.74842
291,220.9383,47.45943,-0.59244,-0.01841,-0.00877,0.947007,4.201008,3.5,4.771944,1.568204,4.488987,2.517803,-0.05956,47.45947,-0.59244,-0.2506,4.447797,320.2369,105.8946,323.4839,-151.855,1,47.45807,-0.58813,-321.74,336.1603,359.4922,0,-0.7,1.238124,-0.74842
292,221.4384,47.45943,-0.59244,-0.01996,-0.00051,1.083536,4.118977,3.6,4.758533,1.588522,4.39823,2.654333,-0.04614,47.45947,-0.59244,-0.2506,4.447797,320.2369,105.8946,323.4839,-151.855,1,47.45807,-0.58813,-321.74,336.1603,359.4922,0,-0.7,1.22862,-0.74842
293,221.9387,47.45943,-0.59244,-0.02117,-0.00486,1.227863,4.057891,3.5,4.7444,1.607637,4.314454,2.798659,-0.03201,47.45947,-0.59244,-0.1253,4.077147,320.2369,105.8946,323.4839,-151.855,1,47.45807,-0.58813,-321.619,336.1529,359.2183,0,-0.7,1.21847,-0.74842
294,222.4386,47.45943,-0.59244,-0.02329,0.015797,1.358446,4.012512,3.5,4.729843,1.626561,4.204498,2.929242,-0.01745,47.45947,-0.59244,-0.1253,4.077147,320.2369,105.8946,323.4839,-151.855,1,47.45807,-0.58813,-321.619,336.1529,359.2183,0,-0.7,1.207876,-0.74842
295,222.9387,47.45943,-0.59244,-0.02189,0.026252,1.437785,3.947935,3.7,4.71458,1.647295,4.091052,3.008582,-0.00219,47.45947,-0.59244,0,3.706498,320.2369,105.8946,323.4839,-151.855,1,47.45807,-0.58813,-321.499,336.146,358.9447,0,-0.7,1.196618,-0.74842
296,223.4384,47.45943,-0.59244,-0.02227,0.025941,1.5058,3.869395,3.7,4.698447,1.667822,3.961897,3.076596,0.013942,47.45947,-0.59244,0,3.706498,320.2369,105.8946,323.4839,-151.855,1,47.45807,-0.58813,-321.499,336.146,358.9447,0,-0.7,1.18456,-0.74842
297,223.9388,47.45943,-0.59244,-0.01509,0.040792,1.686083,3.827507,3.7,4.682018,1.688144,3.811799,-3.02631,0.030371,47.45947,-0.59244,0.1253,3.706498,320.2369,105.8946,323.4839,-151.855,1,47.45807,-0.58813,-321.373,336.0266,358.8317,0,-0.7,1.172116,-0.74842
298,224.439,47.45943,-0.59244,-0.01458,0.049558,1.754156,3.86765,3.8,4.666473,1.709262,3.741986,-2.95823,0.045916,47.45947,-0.59244,0.1253,3.706498,320.2369,105.8946,323.4839,-151.855,1,47.45807,-0.58813,-321.373,336.0266,358.8317,0,-0.7,1.160195,-0.74842
299,224.9387,47.45943,-0.59244,-0.01586,0.079951,1.753478,4.017748,3.9,4.653651,1.73117,3.851942,-2.95891,0.058738,47.45946,-0.59243,0.250601,3.521173,320.2369,105.8946,323.4839,-151.855,1,47.45807,-0.58813,-321.25,335.9637,358.6385,0,-0.7,1.150259,-0.74842
300,225.4385,47.45943,-0.59244,-0.01407,0.086646,1.776964,4.134685,4.1,4.643213,1.754858,3.940953,-2.93543,0.069176,47.45946,-0.59243,0.250601,3.521173,320.2369,105.8946,323.4839,-151.855,1,47.45807,-0.58813,-321.25,335.9637,358.6385,0,-0.7,1.142104,-0.74842
301,225.9342,47.45943,-0.59244,-0.0151,0.089053,1.775887,4.260349,4.3,4.635426,1.780309,4.150393,-2.9365,0.076963,47.45946,-0.59244,-0.1253,3.335848,320.2369,105.8946,323.4839,-151.855,1,47.45807,-0.58813,-321.629,336.3782,358.8972,0,-0.7,1.135981,-0.74842
302,226.439,47.45943,-0.59244,-0.01615,0.091605,1.775478,4.37554,4.3,4.630123,1.805506,4.307473,-2.93691,0.082266,47.45946,-0.59244,-0.1253,3.335848,320.2369,105.8946,323.4839,-151.855,1,47.45807,-0.58813,-321.629,336.3782,358.8972,0,-0.7,1.131793,-0.74842
303,226.9338,47.45943,-0.59244,-0.01607,0.094179,1.775074,4.392994,4.1,4.625324,1.828451,4.337143,-2.93732,0.087065,47.45946,-0.59244,-0.2506,3.335848,320.2369,105.8946,323.4839,-151.855,1,47.45807,-0.58813,-321.754,336.4975,359.0101,0,-0.7,1.127991,-0.74842
304,227.4393,47.45943,-0.59244,-0.01564,0.095225,1.775238,4.340634,4.1,4.619641,1.851167,4.302237,-2.93715,0.092748,47.45946,-0.59244,-0.2506,3.335848,320.2369,105.8946,323.4839,-151.855,1,47.45807,-0.58813,-321.754,336.4975,359.0101,0,-0.7,1.123473,-0.74842
305,227.9339,47.45943,-0.59244,-0.01624,0.096329,1.775682,4.316199,3.9,4.613651,1.871655,4.234169,-2.93671,0.098738,47.45946,-0.59244,-0.2506,3.335848,320.2369,105.8946,323.4839,-151.855,1,47.45807,-0.58813,-321.754,336.4975,359.0101,0,-0.7,1.118693,-0.74842
306,228.439,47.45943,-0.59244,-0.01595,0.096388,1.77534,4.248131,3.9,4.606547,1.891939,4.164356,-2.93705,0.105842,47.45946,-0.59244,-0.2506,3.335848,320.2369,105.8946,323.4839,-151.855,1,47.45807,-0.58813,-321.754,336.4975,359.0101,0,-0.7,1.113002,-0.74842
307,228.9341,47.45943,-0.59244,-0.01614,0.096124,1.775405,4.204498,3.9,4.598834,1.912019,4.122468,-2.93698,0.113555,47.45946,-0.59244,-0.2506,3.335848,320.2369,105.8946,323.4839,-151.855,1,47.45807,-0.58813,-321.754,336.4975,359.0101,0,-0.7,1.106795,-0.74842
308,229.4397,47.45943,-0.59244,-0.01645,0.096476,1.776204,4.206243,3.9,4.591355,1.931899,4.113741,-2.93619,0.121034,47.45946,-0.59244,-0.2506,3.335848,320.2369,105.8946,323.4839,-151.855,1,47.45807,-0.58813,-321.754,336.4975,359.0101,0,-0.7,1.100749,-0.74842
309,229.9386,47.45943,-0.59244,-0.01663,0.095701,1.778578,4.21497,3.9,4.584228,1.95158,4.113741,-2.93381,0.128161,47.45946,-0.59244,-0.2506,3.335848,320.2369,105.8946,323.4839,-151.855,1,47.45807,-0.58813,-321.754,336.4975,359.0101,0,-0.7,1.094963,-0.74842
310,230.4389,47.45943,-0.59244,-0.01687,0.095177,1.780547,4.220206,3.9,4.577381,1.971064,4.10676,-2.93184,0.135008,47.45946,-0.59244,-0.2506,3.335848,320.2369,105.8946,323.4839,-151.855,1,47.45807,-0.58813,-321.754,336.4975,359.0101,0,-0.7,1.089383,-0.74842
311,230.9388,47.45943,-0.59244,-0.01759,0.095129,1.78159,4.242895,3.9,4.571118,1.990354,4.101524,-2.9308,0.141271,47.45946,-0.59244,-0.2506,3.335848,320.2369,105.8946,323.4839,-151.855,1,47.45807,-0.58813,-321.754,336.4975,359.0101,0,-0.7,1.084261,-0.74842
312,231.4389,47.45943,-0.59244,-0.01788,0.094658,1.781753,4.321435,3.9,4.566444,2.00945,4.169592,-2.93064,0.145945,47.45946,-0.59244,-0.2506,3.335848,320.2369,105.8946,323.4839,-151.855,1,47.45807,-0.58813,-321.754,336.4975,359.0101,0,-0.7,1.080427,-0.74842
313,231.9387,47.45943,-0.59244,-0.01807,0.094438,1.781908,4.436627,3.8,4.564017,2.027355,4.295255,-2.93048,0.148372,47.45946,-0.59244,-0.2506,3.335848,320.2369,105.8946,323.4839,-151.855,1,47.45807,-0.58813,-321.754,336.4975,359.0101,0,-0.7,1.078432,-0.74842
314,232.4389,47.45943,-0.59244,-0.01821,0.093975,1.781927,4.557055,3.8,4.563887,2.045082,4.4279,-2.93046,0.148502,47.45946,-0.59244,-0.2506,3.335848,320.2369,105.8946,323.4839,-151.855,1,47.45807,-0.58813,-321.754,336.4975,359.0101,0,-0.7,1.078326,-0.74842
315,232.9343,47.45943,-0.59244,-0.01883,0.093926,1.78214,4.66701,3.8,4.565785,2.062631,4.58498,-2.93025,0.146604,47.45946,-0.59244,-0.2506,3.521173,320.2369,105.8946,323.4839,-151.855,1,47.45807,-0.58813,-321.752,336.4411,359.0903,0,-0.7,1.079885,-0.74842
316,233.439,47.45943,-0.59244,-0.01903,0.093843,1.781925,4.750786,3.8,4.569148,2.080005,4.703662,-2.93046,0.143241,47.45946,-0.59244,-0.2506,3.521173,320.2369,105.8946,323.4839,-151.855,1,47.45807,-0.58813,-321.752,336.4411,359.0903,0,-0.7,1.082646,-0.74842
317,233.9397,47.45943,-0.59244,-0.01952,0.094043,1.781615,4.76824,3.9,4.572736,2.098205,4.766494,-2.93077,0.139653,47.45946,-0.59244,-0.2506,3.521173,320.2369,105.8946,323.4839,-151.855,1,47.45807,-0.58813,-321.752,336.4411,359.0903,0,-0.7,1.085585,-0.74842
318,234.4389,47.45943,-0.59244,-0.01938,0.093886,1.781767,4.735078,3.9,4.575645,2.116223,4.782202,-2.93062,0.136744,47.45946,-0.59244,-0.2506,3.521173,320.2369,105.8946,323.4839,-151.855,1,47.45807,-0.58813,-321.752,336.4411,359.0903,0,-0.7,1.087965,-0.74842
319,234.939,47.45943,-0.59244,-0.01903,0.09351,1.781582,4.626868,3.8,4.576559,2.13306,4.701917,-2.93081,0.13583,47.45946,-0.59244,-0.2506,3.521173,320.2369,105.8946,323.4839,-151.855,1,47.45807,-0.58813,-321.752,336.4411,359.0903,0,-0.7,1.088712,-0.74842
320,235.4389,47.45943,-0.59244,-0.0183,0.093084,1.780861,4.494223,3.7,4.575102,2.14873,4.590216,-2.93153,0.137287,47.45946,-0.59244,-0.2506,3.521173,320.2369,105.8946,323.4839,-151.855,1,47.45807,-0.58813,-321.752,336.4411,359.0903,0,-0.7,1.087521,-0.74842
321,235.9396,47.45943,-0.59244,-0.01853,0.09317,1.781742,4.199262,3.5,4.568641,2.162243,4.330162,-2.93065,0.143748,47.45946,-0.59244,-0.2506,3.521173,320.2369,105.8946,323.4839,-151.855,1,47.45807,-0.58813,-321.752,336.4411,359.0903,0,-0.7,1.08223,-0.74842
322,236.439,47.45943,-0.59244,-0.0186,0.093277,1.781696,4.021239,3.5,4.559525,2.17562,4.115486,-2.93069,0.152864,47.45946,-0.59244,-0.2506,3.521173,320.2369,105.8946,323.4839,-151.855,1,47.45807,-0.58813,-321.752,336.4411,359.0903,0,-0.7,1.074734,-0.74842
323,236.9391,47.45943,-0.59244,-0.01868,0.093157,1.781676,3.902556,3.5,4.54887,2.188864,3.967133,-2.93071,0.163519,47.45946,-0.59244,-0.2506,3.521173,320.2369,105.8946,323.4839,-151.855,1,47.45807,-0.58813,-321.752,336.4411,359.0903,0,-0.7,1.065929,-0.74842
324,237.439,47.45943,-0.59244,-0.0187,0.093226,1.781605,3.820526,3.5,4.537293,2.201975,3.865904,-2.93078,0.175096,47.45946,-0.59244,-0.2506,3.521173,320.2369,105.8946,323.4839,-151.855,1,47.45807,-0.58813,-321.752,336.4411,359.0903,0,-0.7,1.05631,-0.74842
325,237.9395,47.45943,-0.59244,-0.01878,0.092645,1.781318,3.719297,3.4,4.524626,2.213956,3.719297,-2.93107,0.187763,47.45947,-0.59244,-0.2506,3.706498,320.2369,105.8946,323.4839,-151.855,1,47.45807,-0.58813,-321.749,336.3847,359.1705,0,-0.7,1.045726,-0.74842
326,238.4391,47.45943,-0.59244,-0.01882,0.093145,1.781723,3.666937,3.3,4.511516,2.224816,3.581416,-2.93067,0.200873,47.45947,-0.59244,-0.2506,3.706498,320.2369,105.8946,323.4839,-151.855,1,47.45807,-0.58813,-321.749,336.3847,359.1705,0,-0.7,1.034709,-0.74842
327,238.9391,47.45943,-0.59244,-0.01995,0.092906,1.781528,3.721042,3.3,4.499225,2.235568,3.539528,-2.93086,0.213164,47.45947,-0.59244,-0.2506,3.706498,320.2369,105.8946,323.4839,-151.855,1,47.45807,-0.58813,-321.749,336.3847,359.1705,0,-0.7,1.024327,-0.74842
328,239.439,47.45943,-0.59244,-0.02052,0.092769,1.781916,3.817035,3.4,4.488359,2.247212,3.539528,-2.93047,0.224029,47.45947,-0.59244,-0.2506,3.706498,320.2369,105.8946,323.4839,-151.855,1,47.45807,-0.58813,-321.749,336.3847,359.1705,0,-0.7,1.015106,-0.74842
329,239.9396,47.45943,-0.59244,-0.02054,0.09354,1.781357,3.965388,3.5,4.479795,2.25974,3.645993,-2.93103,0.232594,47.45947,-0.59244,-0.2506,3.706498,320.2369,105.8946,323.4839,-151.855,1,47.45807,-0.58813,-321.749,336.3847,359.1705,0,-0.7,1.007811,-0.74842
330,240.4394,47.45943,-0.59244,-0.02026,0.094255,1.781211,4.08407,3.5,4.473223,2.272143,3.754203,-2.93118,0.239166,47.45947,-0.59244,-0.2506,3.706498,320.2369,105.8946,323.4839,-151.855,1,47.45807,-0.58813,-321.749,336.3847,359.1705,0,-0.7,1.002198,-0.74842
331,240.9401,47.45943,-0.59244,-0.02026,0.094607,1.781314,4.183554,3.4,4.468384,2.283421,3.843215,-2.93108,0.244005,47.45947,-0.59244,-0.2506,3.891822,320.2369,105.8946,323.4839,-151.855,1,47.45807,-0.58813,-321.747,336.3285,359.2508,0,-0.7,0.998057,-0.74842
332,241.439,47.45943,-0.59244,-0.02043,0.094025,1.781291,4.328417,3.3,4.466036,2.293587,4.005531,-2.9311,0.246353,47.45947,-0.59244,-0.2506,3.891822,320.2369,105.8946,323.4839,-151.855,1,47.45807,-0.58813,-321.747,336.3285,359.2508,0,-0.7,0.996046,-0.74842
333,241.9392,47.45943,-0.59244,-0.0204,0.094399,1.781416,4.440118,3.3,4.465603,2.303651,4.101524,-2.93097,0.246786,47.45947,-0.59244,-0.2506,3.891822,320.2369,105.8946,323.4839,-151.855,1,47.45807,-0.58813,-321.747,336.3285,359.2508,0,-0.7,0.995675,-0.74842
334,242.4394,47.45943,-0.59244,-0.02097,0.094716,1.781374,4.469788,3.2,4.465672,2.312615,4.16261,-2.93102,0.246717,47.45947,-0.59244,-0.2506,3.891822,320.2369,105.8946,323.4839,-151.855,1,47.45807,-0.58813,-321.747,336.3285,359.2508,0,-0.7,0.995734,-0.74842
335,242.9391,47.45943,-0.59244,-0.02117,0.094116,1.781125,4.433136,3,4.465136,2.319488,4.155629,-2.93126,0.247253,47.45947,-0.59244,-0.2506,3.891822,320.2369,105.8946,323.4839,-151.855,1,47.45807,-0.58813,-321.747,336.3285,359.2508,0,-0.7,0.995274,-0.74842
336,243.4393,47.45943,-0.59244,-0.02093,0.093739,1.780896,4.39823,2.9,4.46404,2.325294,4.118977,-2.93149,0.248349,47.45947,-0.59244,-0.2506,3.891822,320.2369,105.8946,323.4839,-151.855,1,47.45807,-0.58813,-321.747,336.3285,359.2508,0,-0.7,0.994335,-0.74842
337,243.939,47.45943,-0.59244,-0.02072,0.093686,1.780021,4.391248,2.9,4.462856,2.331041,4.057891,-2.93237,0.249533,47.45947,-0.59244,-0.2506,3.891822,320.2369,105.8946,323.4839,-151.855,1,47.45807,-0.58813,-321.747,336.3285,359.2508,0,-0.7,0.993319,-0.74842
338,244.4393,47.45943,-0.59244,-0.01977,0.093936,1.779874,4.323181,2.8,4.460603,2.33573,4.010767,-2.93252,0.251786,47.45947,-0.59244,-0.2506,3.891822,320.2369,105.8946,323.4839,-151.855,1,47.45807,-0.58813,-321.747,336.3285,359.2508,0,-0.7,0.991385,-0.74842
339,244.9394,47.45943,-0.59244,-0.01975,0.093819,1.780301,4.303982,3,4.458093,2.342373,3.986332,-2.93209,0.254296,47.45947,-0.59244,-0.2506,3.891822,320.2369,105.8946,323.4839,-151.855,1,47.45807,-0.58813,-321.747,336.3285,359.2508,0,-0.7,0.989229,-0.74842
340,245.4392,47.45943,-0.59244,-0.02068,0.093497,1.780144,4.316199,3.1,4.455832,2.349949,4.000295,-2.93225,0.256557,47.45947,-0.59244,-0.2506,3.891822,320.2369,105.8946,323.4839,-151.855,1,47.45807,-0.58813,-321.747,336.3285,359.2508,0,-0.7,0.987285,-0.74842
341,245.9392,47.45943,-0.59244,-0.02061,0.093372,1.780244,4.351106,3.1,4.45417,2.35745,4.050909,-2.93215,0.258219,47.45947,-0.59244,-0.2506,3.891822,320.2369,105.8946,323.4839,-151.855,1,47.45807,-0.58813,-321.747,336.3285,359.2508,0,-0.7,0.985856,-0.74842
342,246.4394,47.45943,-0.59244,-0.02109,0.093367,1.780513,4.412192,3.1,4.453506,2.364875,4.139921,-2.93188,0.258883,47.45947,-0.59244,-0.2506,3.891822,320.2369,105.8946,323.4839,-151.855,1,47.45807,-0.58813,-321.747,336.3285,359.2508,0,-0.7,0.985285,-0.74842
343,246.9404,47.45943,-0.59244,-0.02128,0.093307,1.77971,4.457571,3.1,4.45357,2.372226,4.223697,-2.93268,0.258819,47.45947,-0.59244,-0.2506,3.891822,320.2369,105.8946,323.4839,-151.855,1,47.45807,-0.58813,-321.747,336.3285,359.2508,0,-0.7,0.98534,-0.74842
344,247.4392,47.45943,-0.59244,-0.02089,0.09301,1.780017,4.482006,3.1,4.454014,2.379504,4.295255,-2.93237,0.258375,47.45947,-0.59244,-0.2506,3.891822,320.2369,105.8946,323.4839,-151.855,1,47.45807,-0.58813,-321.747,336.3285,359.2508,0,-0.7,0.985722,-0.74842
345,247.9395,47.45943,-0.59244,-0.02056,0.093235,1.780188,4.53262,3.1,4.455235,2.386709,4.387758,-2.9322,0.257154,47.45947,-0.59244,-0.2506,3.891822,320.2369,105.8946,323.4839,-151.855,1,47.45807,-0.58813,-321.747,336.3285,359.2508,0,-0.7,0.986772,-0.74842
346,248.4394,47.45943,-0.59244,-0.01982,0.093213,1.78019,4.567527,3.2,4.456966,2.394842,4.455826,-2.9322,0.255423,47.45947,-0.59244,-0.2506,3.891822,320.2369,105.8946,323.4839,-151.855,1,47.45807,-0.58813,-321.747,336.3285,359.2508,0,-0.7,0.988261,-0.74842
347,248.9391,47.45943,-0.59244,-0.02,0.093131,1.779877,4.515167,3.2,4.457861,2.402894,4.422664,-2.93251,0.254528,47.45947,-0.59244,-0.1253,3.891822,320.2369,105.8946,323.4839,-151.855,1,47.45807,-0.58813,-321.622,336.2091,359.1379,0,-0.7,0.989029,-0.74842
348,249.4392,47.45943,-0.59244,-0.01926,0.093377,1.780506,4.448844,3.3,4.457723,2.411865,4.34587,-2.93188,0.254666,47.45947,-0.59244,-0.1253,3.891822,320.2369,105.8946,323.4839,-151.855,1,47.45807,-0.58813,-321.622,336.2091,359.1379,0,-0.7,0.988911,-0.74842
349,249.9403,47.45943,-0.59244,-0.01863,0.093852,1.780309,4.323181,3.5,4.455682,2.422746,4.202753,-2.93208,0.256707,47.45947,-0.59244,-0.1253,3.891822,320.2369,105.8946,323.4839,-151.855,1,47.45807,-0.58813,-321.622,336.2091,359.1379,0,-0.7,0.987157,-0.74842
350,250.4395,47.45943,-0.59244,-0.01885,0.093123,1.780526,4.237659,3.6,4.452408,2.434519,4.10676,-2.93186,0.259981,47.45947,-0.59244,-0.1253,3.891822,320.2369,105.8946,323.4839,-151.855,1,47.45807,-0.58813,-321.622,336.2091,359.1379,0,-0.7,0.98434,-0.74842
351,250.9393,47.45943,-0.59244,-0.01856,0.093005,1.780006,4.190536,3.7,4.448507,2.447173,4.064872,-2.93238,0.263882,47.45947,-0.59244,-0.1253,3.891822,320.2369,105.8946,323.4839,-151.855,1,47.45807,-0.58813,-321.622,336.2091,359.1379,0,-0.7,0.98098,-0.74842
352,251.4395,47.45943,-0.59244,-0.0182,0.092916,1.779985,4.176573,3.7,4.444478,2.459702,4.043928,-2.9324,0.267911,47.45947,-0.59244,-0.1253,3.891822,320.2369,105.8946,323.4839,-151.855,1,47.45807,-0.58813,-321.622,336.2091,359.1379,0,-0.7,0.977505,-0.74842
353,251.9392,47.45943,-0.59244,-0.0176,0.092936,1.780797,4.164356,3.8,4.440349,2.473105,4.012512,-2.93159,0.27204,47.45947,-0.59244,-0.1253,3.891822,320.2369,105.8946,323.4839,-151.855,1,47.45807,-0.58813,-321.622,336.2091,359.1379,0,-0.7,0.97394,-0.74842
354,252.4395,47.45943,-0.59244,-0.01781,0.092996,1.780838,4.150393,3.8,4.436098,2.486374,3.974115,-2.93155,0.276291,47.45947,-0.59244,-0.1253,3.891822,320.2369,105.8946,323.4839,-151.855,1,47.45807,-0.58813,-321.622,336.2091,359.1379,0,-0.7,0.970265,-0.74842
355,252.9394,47.45943,-0.59244,-0.01848,0.092768,1.780738,4.167846,3.9,4.432174,2.50051,3.979351,-2.93165,0.280215,47.45947,-0.59244,-0.1253,3.891822,320.2369,105.8946,323.4839,-151.855,1,47.45807,-0.58813,-321.622,336.2091,359.1379,0,-0.7,0.966869,-0.74842
356,253.4395,47.45943,-0.59244,-0.0179,0.092506,1.78077,4.218461,3.9,4.429048,2.514505,4.02822,-2.93162,0.283341,47.45947,-0.59244,-0.1253,3.891822,320.2369,105.8946,323.4839,-151.855,1,47.45807,-0.58813,-321.622,336.2091,359.1379,0,-0.7,0.964161,-0.74842
357,253.9395,47.45943,-0.59244,-0.0178,0.092458,1.781127,4.302237,3.8,4.427192,2.52736,4.085816,-2.93126,0.285197,47.45947,-0.59244,-0.1253,3.891822,320.2369,105.8946,323.4839,-151.855,1,47.45807,-0.58813,-321.622,336.2091,359.1379,0,-0.7,0.962553,-0.74842
358,254.4395,47.45943,-0.59244,-0.01808,0.092346,1.780531,4.34936,3.8,4.426057,2.540086,4.141666,-2.93186,0.286332,47.45947,-0.59244,-0.1253,3.891822,320.2369,105.8946,323.4839,-151.855,1,47.45807,-0.58813,-321.622,336.2091,359.1379,0,-0.7,0.961568,-0.74842
359,254.9394,47.45943,-0.59244,-0.01739,0.092645,1.780158,4.386012,3.8,4.425475,2.552685,4.183554,-2.93223,0.286914,47.45947,-0.59244,-0.1253,3.891822,320.2369,105.8946,323.4839,-151.855,1,47.45807,-0.58813,-321.622,336.2091,359.1379,0,-0.7,0.961063,-0.74842
360,255.4397,47.45943,-0.59244,-0.01745,0.093365,1.780263,4.399975,3.8,4.425106,2.565158,4.207989,-2.93213,0.287283,47.45947,-0.59244,-0.1253,3.891822,320.2369,105.8946,323.4839,-151.855,1,47.45807,-0.58813,-321.622,336.2091,359.1379,0,-0.7,0.960743,-0.74842
361,255.9394,47.45943,-0.59244,-0.01659,0.0939,1.78022,4.499459,3.8,4.426176,2.577507,4.323181,-2.93217,0.286213,47.45947,-0.59244,-0.1253,3.891822,320.2369,105.8946,323.4839,-151.855,1,47.45807,-0.58813,-321.622,336.2091,359.1379,0,-0.7,0.961671,-0.74842
362,256.4397,47.45943,-0.59244,-0.01654,0.093913,1.779691,4.571017,3.9,4.428247,2.590732,4.441863,-2.9327,0.284142,47.45947,-0.59244,-0.1253,3.891822,320.2369,105.8946,323.4839,-151.855,1,47.45807,-0.58813,-321.622,336.2091,359.1379,0,-0.7,0.963467,-0.74842
363,256.9395,47.45943,-0.59244,-0.01538,0.09421,1.779089,4.614651,4,4.430895,2.604824,4.518657,-2.9333,0.281494,47.45947,-0.59244,-0.1253,3.891822,320.2369,105.8946,323.4839,-151.855,1,47.45807,-0.58813,-321.622,336.2091,359.1379,0,-0.7,0.965761,-0.74842
364,257.4394,47.45943,-0.59244,-0.01608,0.094376,1.779346,4.581489,4,4.433029,2.618776,4.494223,-2.93304,0.27936,47.45947,-0.59244,-0.1253,3.891822,320.2369,105.8946,323.4839,-151.855,1,47.45807,-0.58813,-321.622,336.2091,359.1379,0,-0.7,0.96761,-0.74842
365,257.9407,47.45943,-0.59244,-0.01582,0.093931,1.779591,4.368559,4,4.432116,2.632588,4.269075,-2.9328,0.280272,47.45947,-0.59244,-0.1253,3.891822,320.2369,105.8946,323.4839,-151.855,1,47.45807,-0.58813,-321.622,336.2091,359.1379,0,-0.7,0.96682,-0.74842
366,258.4398,47.45943,-0.59244,-0.0156,0.092914,1.779822,4.237659,4.1,4.429389,2.647263,4.111996,-2.93257,0.283,47.45947,-0.59244,-0.1253,3.891822,320.2369,105.8946,323.4839,-151.855,1,47.45807,-0.58813,-321.622,336.2091,359.1379,0,-0.7,0.964457,-0.74842
367,258.9403,47.45943,-0.59244,-0.01555,0.092948,1.779678,4.221951,4.1,4.426493,2.66179,4.087561,-2.93271,0.285896,47.45947,-0.59244,0,3.891822,320.2369,105.8946,323.4839,-151.855,1,47.45807,-0.58813,-321.496,336.0897,359.025,0,-0.7,0.961947,-0.74842
368,259.4396,47.45943,-0.59244,-0.01538,0.092913,1.779927,4.295255,4.2,4.42466,2.677172,4.178318,-2.93246,0.287729,47.45947,-0.59244,0,3.891822,320.2369,105.8946,323.4839,-151.855,1,47.45807,-0.58813,-321.496,336.0897,359.025,0,-0.7,0.960357,-0.74842
369,259.9393,47.45943,-0.59244,-0.01486,0.093091,1.78014,4.356342,4.2,4.423708,2.6924,4.265585,-2.93225,0.288681,47.45947,-0.59244,0,3.891822,320.2369,105.8946,323.4839,-151.855,1,47.45807,-0.58813,-321.496,336.0897,359.025,0,-0.7,0.95953,-0.74842
370,260.4398,47.45943,-0.59244,-0.01486,0.093558,1.779584,4.302237,4.2,4.422024,2.707476,4.234169,-2.93281,0.290365,47.45947,-0.59244,0,3.891822,320.2369,105.8946,323.4839,-151.855,1,47.45807,-0.58813,-321.496,336.0897,359.025,0,-0.7,0.958069,-0.74842
371,260.9407,47.45943,-0.59244,-0.01536,0.093907,1.778618,4.242895,4.1,4.419557,2.721402,4.164356,-2.93377,0.292832,47.45947,-0.59244,0,3.891822,320.2369,105.8946,323.4839,-151.855,1,47.45807,-0.58813,-321.496,336.0897,359.025,0,-0.7,0.955926,-0.74842
372,261.4395,47.45943,-0.59244,-0.01512,0.093225,1.778885,4.206243,4,4.416636,2.734188,4.134685,-2.9335,0.295753,47.45947,-0.59244,0,3.891822,320.2369,105.8946,323.4839,-151.855,1,47.45807,-0.58813,-321.496,336.0897,359.025,0,-0.7,0.953388,-0.74842
373,261.9394,47.45943,-0.59244,-0.01498,0.093381,1.778929,4.176573,3.9,4.413367,2.745846,4.105014,-2.93346,0.299022,47.45947,-0.59244,0,3.706498,320.2369,105.8946,323.4839,-151.855,1,47.45807,-0.58813,-321.499,336.146,358.9447,0,-0.7,0.950544,-0.74842
374,262.4446,47.45943,-0.59244,-0.01564,0.09311,1.778214,4.157374,3.9,4.409897,2.757387,4.071853,-2.93418,0.302492,47.45947,-0.59244,0,3.706498,320.2369,105.8946,323.4839,-151.855,1,47.45807,-0.58813,-321.499,336.146,358.9447,0,-0.7,0.947524,-0.74842
375,262.9404,47.45943,-0.59244,-0.01569,0.092594,1.777738,4.10676,4,4.405818,2.769813,4.010767,-2.93465,0.306571,47.45947,-0.59244,0.1253,3.706498,320.2369,105.8946,323.4839,-151.855,1,47.45807,-0.58813,-321.373,336.0266,358.8317,0,-0.7,0.943971,-0.74842
376,263.4446,47.45943,-0.59244,-0.01615,0.092674,1.776749,4.077089,4,4.40142,2.782115,3.991568,-2.93564,0.310969,47.45947,-0.59244,0.1253,3.706498,320.2369,105.8946,323.4839,-151.855,1,47.45807,-0.58813,-321.373,336.0266,358.8317,0,-0.7,0.940135,-0.74842
377,263.9444,47.45943,-0.59244,-0.01618,0.092925,1.776473,4.061381,4.1,4.396889,2.795294,3.979351,-2.93592,0.3155,47.45947,-0.59244,0.1253,3.706498,320.2369,105.8946,323.4839,-151.855,1,47.45807,-0.58813,-321.373,336.0266,358.8317,0,-0.7,0.936181,-0.74842
378,264.4397,47.45943,-0.59244,-0.01528,0.092694,1.776458,4.070108,4.1,4.392541,2.808341,3.984587,-2.93593,0.319848,47.45947,-0.59244,0.1253,3.706498,320.2369,105.8946,323.4839,-151.855,1,47.45807,-0.58813,-321.373,336.0266,358.8317,0,-0.7,0.932382,-0.74842
379,264.9396,47.45943,-0.59244,-0.01557,0.093427,1.77698,4.101524,4.1,4.388667,2.821258,4.00204,-2.93541,0.323722,47.45947,-0.59244,0.1253,3.706498,320.2369,105.8946,323.4839,-151.855,1,47.45807,-0.58813,-321.373,336.0266,358.8317,0,-0.7,0.928994,-0.74842
380,265.4445,47.45943,-0.59244,-0.01631,0.093336,1.777534,4.075344,4,4.384516,2.833045,3.968879,-2.93486,0.327873,47.45947,-0.59244,0.1253,3.706498,320.2369,105.8946,323.4839,-151.855,1,47.45807,-0.58813,-321.373,336.0266,358.8317,0,-0.7,0.925361,-0.74842
381,265.9396,47.45943,-0.59244,-0.01654,0.093412,1.778676,3.993313,4,4.379394,2.844715,3.876376,-2.93371,0.332995,47.45947,-0.59244,0.1253,3.706498,320.2369,105.8946,323.4839,-151.855,1,47.45807,-0.58813,-321.373,336.0266,358.8317,0,-0.7,0.920875,-0.74842
382,266.4401,47.45943,-0.59244,-0.01637,0.093522,1.779076,3.967133,3.9,4.374024,2.855268,3.824016,-2.93331,0.338365,47.45947,-0.59244,0.1253,3.706498,320.2369,105.8946,323.4839,-151.855,1,47.45807,-0.58813,-321.373,336.0266,358.8317,0,-0.7,0.916167,-0.74842
383,266.9397,47.45943,-0.59244,-0.01603,0.093826,1.778669,3.995059,3.9,4.369078,2.865715,3.850196,-2.93372,0.343311,47.45947,-0.59244,0.1253,3.706498,320.2369,105.8946,323.4839,-151.855,1,47.45807,-0.58813,-321.373,336.0266,358.8317,0,-0.7,0.911827,-0.74842
